market,company,team,campaign_id,campaign_name,hero_product,product_line,objective,month,start_date,end_date,status, budget_EUR , actual_spend_EUR ,channel,media_platform,Retargeting,billing_type, billing_unit_cost , impressions , clicks , ctr , views , vtr , sessions , conversions , conversion_rate , AOV , reach ,grp, frequency , dooh_impressions , revenue , roas 
DE,Adidas,Brand Offline,adi_012025_006,New Year OOH/DOOH City Takeover,Brand_Film_General,Brand,consideration,1,2025-01-05,2025-01-30,pause,"283,873","240,570",DOOH,JCDecaux,,CPM,18, - , - , - , - , - , - , - , - , - ,"4,100,000",0,1.5,"14,800,000","298,657",1.24
DE,Adidas,Brand Offline,adi_012025_006,New Year OOH/DOOH City Takeover,Brand_Film_General,Brand,consideration,1,2025-01-05,2025-01-30,pause,"662,369","561,330",OOH,Stroeer,,flat,5000, - , - , - , - , - , - , - , - , - ,"6,900,000",0,1.8,,"631,241",1.12
DE,Adidas,Brand Offline,adi_012025_004,New Year Brand TVC,Brand_Film_General,Brand,consideration,1,2025-01-03,2025-01-24,pause,"1,214,344","1,029,105",TVC,RTL,,CPM,18, - , - , - , - , - , - , - , - , - ,"15,200,000",320,3,,"1,039,500",1.01
DE,Adidas,Brand Offline,adi_012025_004,New Year Brand TVC,Brand_Film_General,Brand,consideration,1,2025-01-03,2025-01-24,pause,"993,554","841,995",TVC,ProSieben,,CPM,18, - , - , - , - , - , - , - , - , - ,"12,800,000",270,2.8,,"849,780",1
DE,Adidas,Digital Brand,adi_012025_005,New Year Lifestyle Content Push,Brand_Film_General,Brand,awareness,1,2025-01-08,2025-01-26,pause,"280,368","237,600",SOCIAL,Instagram,,CPC,0.42,"2,100,000","23,100",0.011, - , - ,"99,000","1,383",0.0066,52, - ,0, - ,,"802,720",3.38
DE,Adidas,Digital Brand,adi_012025_005,New Year Lifestyle Content Push,Brand_Film_General,Brand,awareness,1,2025-01-08,2025-01-26,pause,"112,147","95,040",SOCIAL,Facebook,,CPC,0.3,"890,000","7,685",0.009, - , - ,"40,500",480,0.0061,50, - ,0, - ,,"309,841",3.26
DE,Adidas,Digital Brand,adi_012025_003,New Year Brand Social Video,Brand_Film_General,Brand,awareness,1,2025-01-05,2025-01-28,pause,"504,662","427,680",VIDEO,YouTube,,CPC,0.6,"5,200,000","17,700",0.003,"3,050,000",0.39,"84,500",790,0.0093,55, - ,0, - ,,"1,376,240",3.22
DE,Adidas,Digital Brand,adi_012025_003,New Year Brand Social Video,Brand_Film_General,Brand,awareness,1,2025-01-05,2025-01-28,pause,"210,276","178,200",VIDEO,Instagram,,CPC,0.45,"2,380,000","16,800",0.007,"2,100,000",0.36,"51,500",521,0.0101,51, - ,0, - ,,"546,781",3.07
DE,Adidas,Digital Brand,adi_012025_005,New Year Lifestyle Content Push,Brand_Film_General,Brand,awareness,1,2025-01-08,2025-01-26,pause,"168,221","142,560",VIDEO,TikTok,,CPC,0.35,"3,100,000","11,200",0.004,"2,480,000",0.33,"36,000",508,0.0141,47, - ,0, - ,,"401,237",2.81
DE,Adidas,Digital Brand,adi_012025_003,New Year Brand Social Video,Brand_Film_General,Brand,awareness,1,2025-01-05,2025-01-28,pause,"126,166","106,920",VIDEO,TikTok,,CPC,0.3,"1,880,000","8,450",0.005,"1,450,000",0.36,"29,500",392,0.0133,46, - ,0, - ,,"301,299",2.82
DE,Adidas,Digital Performance,adi_012025_007,New Year Running Performance Push,Adizero SL,Running,conversion,1,2025-01-10,2025-01-25,pause,"140,184","118,800",DISPLAY,YouTube,Y,CPC,0.38,"2,420,000","20,300",0.008,"1,970,000",0.43,"42,100",612,0.0145,56, - ,0, - ,,"417,545",3.52
DE,Adidas,Digital Performance,adi_012025_007,New Year Running Performance Push,Adizero SL,Running,conversion,1,2025-01-10,2025-01-25,pause,"140,184","118,800",DISPLAY,Criteo,Y,CPC,0.65,"1,740,000","15,800",0.009, - , - ,"36,200",550,0.0152,55, - ,0, - ,,"391,127",3.29
DE,Adidas,Digital Performance,adi_012025_001,Always-On Search,Adizero SL,Running,conversion,1,2025-01-01,2025-01-31,pause,"1,051,380","891,000",SEM,Google,,CPC,0.55,"9,600,000","518,000",0.054, - , - ,"301,000","21,550",0.0223,70, - ,0, - ,,"4,271,560",4.8
DE,Adidas,Digital Performance,adi_012025_007,New Year Running Performance Push,Adizero SL,Running,conversion,1,2025-01-10,2025-01-25,pause,"420,552","356,400",SOCIAL,Meta,Y,CPC,0.42,"3,860,000","40,200",0.01, - , - ,"120,000","2,430",0.0202,58, - ,0, - ,,"1,435,420",4.03
DE,Adidas,Retail Marketing,adi_012025_008,Winter Clearance Digital Promo,Multi_Products,Multi_Products,conversion,1,2025-01-10,2025-01-12,pause,"420,552","356,400",EMAIL,Salesforce,,flat,20000, - ,"9,400",0.188, - , - ,"7,800",870,0.111,45, - ,0, - ,,"1,870,240",5.25
DE,Adidas,Retail Marketing,adi_012025_008,Winter Clearance Digital Promo,Multi_Products,Multi_Products,conversion,1,2025-01-10,2025-01-12,pause,"140,184","118,800",SOCIAL,Meta,Y,CPC,0.42,"970,000","11,000",0.011, - , - ,"31,200",520,0.0166,49, - ,0, - ,,"512,340",4.31
DE,Adidas,Retail Marketing,adi_012025_008,Winter Clearance Digital Promo,Multi_Products,Multi_Products,conversion,1,2025-01-10,2025-01-12,pause,"140,184","118,800",SOCIAL,Meta,,CPC,0.45,"660,000","7,120",0.011, - , - ,"21,000",350,0.0167,44, - ,0, - ,,"429,373",3.61
DE,Adidas,Brand Offline,adi_022025_009,Pre-Spring DOOH,Brand_Film_General,Brand,consideration,2,2025-02-03,2025-02-23,completed,"310,500","310,500",DOOH,JCDecaux,,CPM,18, - , - , - , - , - , - , - , - , - ,"5,200,000",0,1.6,"22,000,000","685,292",2.21
DE,Adidas,Brand Offline,CMP_022025_017,Pre-Spring OOH,Brand_Film_General,Brand,consideration,2,2025-02-03,2025-02-23,completed,"310,500","310,500",OOH,Stroeer,,CPM,8, - , - , - , - , - , - , - , - , - ,"6,800,000",0,1.8,,"670,823",2.16
DE,Adidas,Brand Offline,CMP_022025_016,Pre-Spring Brand Spot,Brand_Film_General,Brand,consideration,2,2025-02-03,2025-02-23,completed,"310,500","310,500",VIDEO,RTL,,CPM,25, - , - , - , - , - , - , - , - , - ,"7,500,000",150,2.4,,"776,163",2.5
DE,Adidas,CRM,adi_022025_005,CRM Activation,Multi_Products,Multi_Products,conversion,2,2025-02-01,2025-02-28,completed,"138,000","138,000",EMAIL,Salesforce,Y,CPC,0.28, - ,"12,500",0.091, - , - ,"8,200",980,0.119,50, - ,0, - ,,"2,627,726",19.04
DE,Adidas,CRM,adi_022025_005,CRM Activation,Multi_Products,Multi_Products,conversion,2,2025-02-01,2025-02-28,completed,"138,000","138,000",SOCIAL,Instagram,Y,CPC,0.74,"744,000","6,500",0.009, - , - ,"29,500",350,0.0118,48, - ,0, - ,,"1,528,596",11.08
DE,Adidas,CRM,adi_022025_005,CRM Activation,Multi_Products,Multi_Products,conversion,2,2025-02-01,2025-02-28,completed,"138,000","138,000",SOCIAL,Facebook,Y,CPC,0.5,"602,000","4,900",0.008, - , - ,"21,000",270,0.0128,46, - ,0, - ,,"1,091,413",7.91
DE,Adidas,Digital Brand,adi_022025_007,Lifestyle Social Video,Brand_Film_General,Brand,awareness,2,2025-02-01,2025-02-28,completed,"172,500","172,500",SOCIAL,Instagram,,CPC,0.74,"1,860,000","17,600",0.01, - , - ,"70,800",610,0.0086,49, - ,0, - ,,"1,082,731",6.28
DE,Adidas,Digital Brand,adi_022025_014,Women Training Social Video,Adizero SL,Running,awareness,2,2025-02-01,2025-02-20,completed,"172,500","172,500",SOCIAL,Instagram,,CPC,0.74,"1,930,000","18,000",0.009, - , - ,"73,500",618,0.0084,47, - ,0, - ,,"981,828",5.69
DE,Adidas,Digital Brand,adi_022025_010,Pre-Spring Brand Push,Brand_Film_General,Brand,awareness,2,2025-02-01,2025-02-28,completed,"172,500","172,500",SOCIAL,Instagram,,CPC,0.74,"1,760,000","16,500",0.009, - , - ,"69,800",585,0.0084,48, - ,0, - ,,"970,445",5.63
DE,Adidas,Digital Brand,adi_022025_007,Lifestyle Social Video,Brand_Film_General,Brand,awareness,2,2025-02-01,2025-02-28,completed,"172,500","172,500",VIDEO,YouTube,,CPV,0.06,"4,950,000","16,200",0.003,"3,120,000",0.39,"64,000",480,0.0075,52, - ,0, - ,,"820,537",4.76
DE,Adidas,Digital Brand,adi_022025_007,Lifestyle Social Video,Brand_Film_General,Brand,awareness,2,2025-02-01,2025-02-28,completed,"172,500","172,500",VIDEO,TikTok,,CPC,0.4,"2,980,000","10,700",0.004,"2,250,000",0.35,"42,500",345,0.0081,45, - ,0, - ,,"677,382",3.93
DE,Adidas,Digital Brand,adi_022025_014,Women Training Social Video,Adizero SL,Running,awareness,2,2025-02-01,2025-02-20,completed,"172,500","172,500",VIDEO,YouTube,,CPV,0.05,"5,410,000","17,800",0.003,"3,180,000",0.38,"68,200",515,0.0075,50, - ,0, - ,,"847,162",4.91
DE,Adidas,Digital Brand,adi_022025_014,Women Training Social Video,Adizero SL,Running,awareness,2,2025-02-01,2025-02-20,completed,"172,500","172,500",VIDEO,TikTok,,CPC,0.4,"3,140,000","11,500",0.004,"2,400,000",0.36,"45,700",370,0.0081,46, - ,0, - ,,"648,250",3.76
DE,Adidas,Digital Brand,adi_022025_010,Pre-Spring Brand Push,Brand_Film_General,Brand,awareness,2,2025-02-01,2025-02-28,completed,"172,500","172,500",VIDEO,YouTube,,CPV,0.07,"5,150,000","16,400",0.003,"2,920,000",0.38,"65,000",495,0.0076,51, - ,0, - ,,"830,377",4.81
DE,Adidas,Digital Brand,adi_022025_010,Pre-Spring Brand Push,Brand_Film_General,Brand,awareness,2,2025-02-01,2025-02-28,completed,"172,500","172,500",VIDEO,TikTok,,CPC,0.4,"2,870,000","9,000",0.003,"2,100,000",0.33,"38,100",302,0.0079,44, - ,0, - ,,"576,672",3.34
DE,Adidas,Digital Performance,adi_022025_013,Women Training Performance Push,Adizero SL,Running,conversion,2,2025-02-01,2025-02-20,completed,"232,875","232,875",DISPLAY,Criteo,Y,CPC,0.56,"1,600,000","14,000",0.009, - , - ,"51,200",600,0.0117,54, - ,0, - ,,"2,042,372",8.77
DE,Adidas,Digital Performance,adi_022025_006,Lifestyle Performance,Multi_Products,Multi_Products,conversion,2,2025-02-01,2025-02-20,completed,"232,875","232,875",DISPLAY,Criteo,Y,CPC,0.56,"1,720,000","14,800",0.009, - , - ,"53,800",622,0.0116,53, - ,0, - ,,"2,101,795",9.03
DE,Adidas,Digital Performance,adi_022025_001,Always-On Search,Multi_Products,Multi_Products,conversion,2,2025-02-01,2025-02-28,completed,"955,245","931,500",SEM,Google,Y,CPC,0.85,"8,220,000","415,500",0.051, - , - ,"267,000","15,000",0.0182,58, - ,0, - ,,"9,536,601",10.24
DE,Adidas,Digital Performance,adi_022025_013,Women Training Performance Push,Adizero SL,Running,conversion,2,2025-02-01,2025-02-20,completed,"232,875","232,875",SOCIAL,Instagram,Y,CPC,0.74,"2,600,000","23,000",0.009, - , - ,"91,000","1,100",0.0121,49, - ,0, - ,,"2,138,066",9.18
DE,Adidas,Digital Performance,adi_022025_006,Lifestyle Performance,Multi_Products,Multi_Products,conversion,2,2025-02-01,2025-02-20,completed,"232,875","232,875",SOCIAL,Instagram,Y,CPC,0.74,"2,720,000","23,900",0.009, - , - ,"93,800","1,180",0.0126,50, - ,0, - ,,"2,273,311",9.76
DE,Adidas,Retail Marketing,CMP_022025_019,Valentine Promo,Multi_Products,Multi_Products,conversion,2,2025-02-07,2025-02-16,completed,"138,000","138,000",EMAIL,Salesforce,Y,CPC,0.32, - ,"9,480",0.188, - , - ,"8,080",840,0.104,43, - ,0, - ,,"1,825,517",13.23
DE,Adidas,Retail Marketing,CMP_022025_018,Pre-Spring Retail Promo,Multi_Products,Multi_Products,conversion,2,2025-02-01,2025-02-28,completed,"138,000","138,000",EMAIL,Salesforce,Y,CPC,0.3, - ,"9,480",0.188, - , - ,"8,080",840,0.104,43, - ,0, - ,,"1,825,517",13.23
DE,Adidas,Retail Marketing,CMP_022025_019,Valentine Promo,Multi_Products,Multi_Products,conversion,2,2025-02-07,2025-02-16,completed,"138,000","138,000",SOCIAL,Instagram,Y,CPC,0.74,"895,000","8,400",0.009, - , - ,"38,200",520,0.0136,44, - ,0, - ,,"990,896",7.18
DE,Adidas,Retail Marketing,CMP_022025_019,Valentine Promo,Multi_Products,Multi_Products,conversion,2,2025-02-07,2025-02-16,completed,"138,000","138,000",SOCIAL,Facebook,Y,CPC,0.5,"700,000","6,200",0.009, - , - ,"30,900",428,0.0139,40, - ,0, - ,,"720,020",5.22
DE,Adidas,Retail Marketing,CMP_022025_018,Pre-Spring Retail Promo,Multi_Products,Multi_Products,conversion,2,2025-02-01,2025-02-28,completed,"138,000","138,000",SOCIAL,Instagram,Y,CPC,0.74,"880,000","8,180",0.009, - , - ,"36,000",503,0.014,45, - ,0, - ,,"955,011",6.92
DE,Adidas,Retail Marketing,CMP_022025_018,Pre-Spring Retail Promo,Multi_Products,Multi_Products,conversion,2,2025-02-01,2025-02-28,completed,"138,000","138,000",SOCIAL,Facebook,Y,CPC,0.5,"665,000","5,880",0.009, - , - ,"29,600",430,0.0145,41, - ,0, - ,,"709,602",5.14
DE,Adidas,Sports Marketing,adi_022025_008,Lifestyle Sports Uplift,Multi_Products,Multi_Products,consideration,2,2025-02-01,2025-02-28,completed,"207,000","207,000",DISPLAY,YouTube,,CPC,0.55,"2,450,000","15,800",0.006,"1,890,000",0.34,"37,900",520,0.0137,48, - ,0, - ,,"491,589",2.37
DE,Adidas,Sports Marketing,adi_022025_011,Running Training Support,Adizero SL,Running,consideration,2,2025-02-01,2025-02-28,completed,"207,000","207,000",SOCIAL,Instagram,,CPC,0.74,"3,100,000","27,900",0.009, - , - ,"45,200",612,0.0135,46, - ,0, - ,,"492,940",2.38
DE,Adidas,Sports Marketing,adi_022025_015,Women Training Support,Adizero SL,Running,consideration,2,2025-02-01,2025-02-28,completed,"207,000","207,000",VIDEO,YouTube,,CPV,0.05,"4,200,000","14,600",0.003,"3,100,000",0.37,"53,100",478,0.009,47, - ,0, - ,,"481,364",2.33
DE,Adidas,Brand Offline,adi_032025_008,Spring DOOH,Brand_Film_General,Brand,consideration,3,2025-03-05,2025-03-29,completed,"729,973","729,973",DOOH,JCDecaux,,CPM,18,"40,554,055", - , - , - , - , - , - , - , - ,"8,110,811",0,5,"40,554,055","4,204,555",5.76
DE,Adidas,Brand Offline,CMP_032025_016,Spring OOH,Brand_Film_General,Brand,consideration,3,2025-03-05,2025-03-29,completed,"729,973","729,973",OOH,Stroeer,,CPM,8,"91,246,625", - , - , - , - , - , - , - , - ,"18,249,325",0,5, - ,"4,204,555",5.76
DE,Adidas,Brand Offline,CMP_032025_014,Spring Brand Spot,Brand_Film_General,Brand,consideration,3,2025-03-05,2025-03-29,completed,"729,973","729,973",VIDEO,RTL,,CPM,25,"29,198,920", - , - , - , - , - , - , - , - ,"5,839,784",380,5, - ,"4,204,555",5.76
DE,Adidas,CRM,adi_032025_002,CRM Activation,Multi_Products,Multi_Products,conversion,3,2025-03-01,2025-03-31,completed,"143,003","143,003",EMAIL,Salesforce,Y,CPC,0.29,"4,931,137","493,113",10, - , - ,"443,801","23,541",4.77,85, - ,0, - , - ,"1,989,215",13.91
DE,Adidas,CRM,adi_032025_002,CRM Activation,Multi_Products,Multi_Products,conversion,3,2025-03-01,2025-03-31,completed,"143,003","143,003",SOCIAL,Instagram,Y,CPC,0.74,"9,662,364","193,247",2, - , - ,"173,922","21,867",11.32,85, - ,0, - , - ,"1,863,068",13.03
DE,Adidas,CRM,adi_032025_002,CRM Activation,Multi_Products,Multi_Products,conversion,3,2025-03-01,2025-03-31,completed,"143,003","143,003",SOCIAL,Facebook,Y,CPC,0.5,"14,300,300","286,006",2, - , - ,"257,405","20,188",7.06,85, - ,0, - , - ,"1,717,999",12.01
DE,Adidas,Digital Brand,CMP_032025_015,Spring Collection Social Video,Brand_Film_General,Brand,awareness,3,2025-03-01,2025-03-31,completed,"345,600","345,600",SOCIAL,Instagram,,CPC,0.74,"46,702,702","467,027",1,"23,351,351",50,"373,621","6,098",1.31,85, - ,0, - , - ,"518,330",1.5
DE,Adidas,Digital Brand,adi_032025_007,Running Social Video,Adizero SL,Running,awareness,3,2025-03-01,2025-03-25,completed,"259,200","259,200",SOCIAL,Instagram,,CPC,0.74,"35,027,027","350,270",1,"17,513,513",50,"280,216","4,574",1.31,85, - ,0, - , - ,"388,790",1.5
DE,Adidas,Digital Brand,adi_032025_003,Pre-Spring Brand Push,Brand_Film_General,Brand,awareness,3,2025-03-01,2025-03-31,completed,"259,200","259,200",SOCIAL,Instagram,,CPC,0.74,"35,027,027","350,270",1,"17,513,513",50,"280,216","4,574",1.31,85, - ,0, - , - ,"388,790",1.5
DE,Adidas,Digital Brand,CMP_032025_015,Spring Collection Social Video,Brand_Film_General,Brand,awareness,3,2025-03-01,2025-03-31,completed,"345,600","345,600",VIDEO,YouTube,,CPV,0.06,"57,600,000","57,600",0.1,"5,760,000",10,"51,840","6,098",10.59,85, - ,0, - , - ,"518,330",1.5
DE,Adidas,Digital Brand,CMP_032025_015,Spring Collection Social Video,Brand_Film_General,Brand,awareness,3,2025-03-01,2025-03-31,completed,"345,600","345,600",VIDEO,TikTok,,CPC,0.4,"86,400,000","864,000",1,"43,200,000",50,"777,600","6,098",0.71,85, - ,0, - , - ,"518,330",1.5
DE,Adidas,Digital Brand,adi_032025_007,Running Social Video,Adizero SL,Running,awareness,3,2025-03-01,2025-03-25,completed,"259,200","259,200",VIDEO,YouTube,,CPV,0.05,"51,840,000","51,840",0.1,"5,184,000",10,"46,656","4,574",8.82,85, - ,0, - , - ,"388,790",1.5
DE,Adidas,Digital Brand,adi_032025_007,Running Social Video,Adizero SL,Running,awareness,3,2025-03-01,2025-03-25,completed,"259,200","259,200",VIDEO,TikTok,,CPC,0.4,"64,800,000","648,000",1,"32,400,000",50,"583,200","4,574",0.71,85, - ,0, - , - ,"388,790",1.5
DE,Adidas,Digital Brand,adi_032025_003,Pre-Spring Brand Push,Brand_Film_General,Brand,awareness,3,2025-03-01,2025-03-31,completed,"259,200","259,200",VIDEO,YouTube,,CPV,0.07,"37,028,571","37,028",0.1,"3,702,857",10,"33,325","4,574",12.35,85, - ,0, - , - ,"388,790",1.5
DE,Adidas,Digital Brand,adi_032025_003,Pre-Spring Brand Push,Brand_Film_General,Brand,awareness,3,2025-03-01,2025-03-31,completed,"259,200","259,200",VIDEO,TikTok,,CPC,0.4,"64,800,000","648,000",1,"32,400,000",50,"583,200","4,574",0.71,85, - ,0, - , - ,"388,790",1.5
DE,Adidas,Digital Performance,CMP_032025_013,Running Performance Push,Adizero SL,Running,conversion,3,2025-03-01,2025-03-31,completed,"129,600","129,600",DISPLAY,Criteo,Y,CPC,0.56,"23,142,857","231,428",1, - , - ,"208,285","9,148",3.95,85, - ,0, - , - ,"777,580",6
DE,Adidas,Digital Performance,CMP_032025_012,Lifestyle Performance,Multi_Products,Multi_Products,conversion,3,2025-03-01,2025-03-31,completed,"129,600","129,600",DISPLAY,Criteo,Y,CPC,0.56,"23,142,857","231,428",1, - , - ,"208,285","9,148",3.95,85, - ,0, - , - ,"777,580",6
DE,Adidas,Digital Performance,adi_032025_001,Always-On Search,Multi_Products,Multi_Products,conversion,3,2025-03-01,2025-03-31,completed,"1,196,167","1,209,600",SEM,Google,Y,CPC,0.88,"27,490,909","1,374,545",5, - , - ,"1,237,090","113,844",8.28,85, - ,0, - , - ,"9,676,740",8
DE,Adidas,Digital Performance,CMP_032025_013,Running Performance Push,Adizero SL,Running,conversion,3,2025-03-01,2025-03-31,completed,"129,600","129,600",SOCIAL,Instagram,Y,CPC,0.74,"17,513,513","175,135",1, - , - ,"157,621","9,148",5.22,85, - ,0, - , - ,"777,580",6
DE,Adidas,Digital Performance,CMP_032025_012,Lifestyle Performance,Multi_Products,Multi_Products,conversion,3,2025-03-01,2025-03-31,completed,"129,600","129,600",SOCIAL,Instagram,Y,CPC,0.74,"17,513,513","175,135",1, - , - ,"157,621","9,148",5.22,85, - ,0, - , - ,"777,580",6
DE,Adidas,Retail Marketing,CMP_032025_017,Spring Retail Promo,Multi_Products,Multi_Products,conversion,3,2025-03-01,2025-03-31,completed,"238,338","238,338",EMAIL,Salesforce,Y,CPC,0.3,"79,446,000","794,460",1, - , - ,"715,014","14,019",1.76,85, - ,0, - , - ,"1,191,630",5
DE,Adidas,Retail Marketing,adi_032025_006,Running Retail Promo,Adizero SL,Running,conversion,3,2025-03-01,2025-03-31,completed,"95,335","95,335",EMAIL,Salesforce,Y,CPC,0.28,"34,048,214","340,482",1, - , - ,"306,433","5,607",1.65,85, - ,0, - , - ,"476,615",5
DE,Adidas,Retail Marketing,CMP_032025_017,Spring Retail Promo,Multi_Products,Multi_Products,conversion,3,2025-03-01,2025-03-31,completed,"238,338","238,338",SOCIAL,Instagram,Y,CPC,0.74,"32,207,837","322,078",1, - , - ,"289,870","14,019",4.35,85, - ,0, - , - ,"1,191,630",5
DE,Adidas,Retail Marketing,CMP_032025_017,Spring Retail Promo,Multi_Products,Multi_Products,conversion,3,2025-03-01,2025-03-31,completed,"238,338","238,338",SOCIAL,Facebook,Y,CPC,0.5,"47,667,600","476,676",1, - , - ,"429,008","14,019",2.94,85, - ,0, - , - ,"1,191,630",5
DE,Adidas,Retail Marketing,adi_032025_006,Running Retail Promo,Adizero SL,Running,conversion,3,2025-03-01,2025-03-31,completed,"95,335","95,335",SOCIAL,Instagram,Y,CPC,0.74,"12,883,108","128,831",1, - , - ,"115,947","5,607",4.35,85, - ,0, - , - ,"476,615",5
DE,Adidas,Retail Marketing,adi_032025_006,Running Retail Promo,Adizero SL,Running,conversion,3,2025-03-01,2025-03-31,completed,"95,335","95,335",SOCIAL,Facebook,Y,CPC,0.5,"19,067,000","190,670",1, - , - ,"171,603","5,607",2.94,85, - ,0, - , - ,"476,615",5
DE,Adidas,Sports Marketing,CMP_032025_009,Champions League Activation Display,Adizero SL,Running,consideration,3,2025-03-15,2025-03-31,completed,"275,452","275,452",DISPLAY,YouTube,,CPC,0.55,"50,082,181","500,821",1,"25,041,090",50,"450,739","3,240",0.65,85, - ,0, - , - ,"275,452",1
DE,Adidas,Sports Marketing,CMP_032025_010,Champions League Activation Social,Adizero SL,Running,consideration,3,2025-03-15,2025-03-31,completed,"275,452","275,452",SOCIAL,Instagram,,CPC,0.74,"37,223,243","372,232",1,"18,611,621",50,"335,009","3,240",0.87,85, - ,0, - , - ,"275,452",1
DE,Adidas,Sports Marketing,CMP_032025_011,Champions League Activation Video,Adizero SL,Running,consideration,3,2025-03-15,2025-03-31,completed,"275,452","275,452",VIDEO,YouTube,,CPV,0.05,"55,090,400","55,090",0.1,"5,509,040",10,"49,581","3,240",5.88,85, - ,0, - , - ,"275,452",1
DE,Adidas,Brand Offline,adi_042025_003,Outdoor DOOH,Brand_Film_General,Brand,consideration,4,2025-04-05,2025-04-29,completed,"690,000","690,000",DOOH,JCDecaux,,CPM,18,"38,333,333", - , - , - , - , - , - , - , - ,"7,666,666",0,5,"38,333,333","4,046,645",5.86
DE,Adidas,Brand Offline,adi_042025_004,Outdoor OOH,Brand_Film_General,Brand,consideration,4,2025-04-05,2025-04-29,completed,"690,000","690,000",OOH,Stroeer,,CPM,8,"86,250,000", - , - , - , - , - , - , - , - ,"17,250,000",0,5, - ,"4,046,645",5.86
DE,Adidas,Brand Offline,adi_042025_010,Spring Brand Spot,Brand_Film_General,Brand,consideration,4,2025-04-05,2025-04-29,completed,"693,581","693,581",VIDEO,RTL,,CPM,25,"27,743,240", - , - , - , - , - , - , - , - ,"5,548,648",360,5, - ,"4,046,645",5.83
DE,Adidas,CRM,adi_042025_002,CRM Spring Activation,Multi_Products,Multi_Products,conversion,4,2025-04-01,2025-04-30,completed,"90,270","90,270",EMAIL,Salesforce,Y,CPC,0.23,"3,924,782","392,478",10, - , - ,"353,230","22,700",6.43,85, - ,0, - , - ,"1,918,150",21.25
DE,Adidas,CRM,adi_042025_002,CRM Spring Activation,Multi_Products,Multi_Products,conversion,4,2025-04-01,2025-04-30,completed,"90,270","90,270",SOCIAL,Instagram,Y,CPC,0.66,"6,838,636","136,772",2, - , - ,"123,095","14,876",12.09,84, - ,0, - , - ,"1,248,096",13.83
DE,Adidas,CRM,adi_042025_002,CRM Spring Activation,Multi_Products,Multi_Products,conversion,4,2025-04-01,2025-04-30,completed,"90,270","90,270",SOCIAL,Facebook,Y,CPC,0.52,"8,679,807","173,596",2, - , - ,"156,236","12,607",8.07,84, - ,0, - , - ,"1,061,509",11.76
DE,Adidas,Digital Brand,adi_042025_008,Running Social Video,Adizero SL,Running,awareness,4,2025-04-01,2025-04-30,completed,"327,240","327,240",SOCIAL,Instagram,,CPC,0.7,"46,748,571","467,485",1,"23,374,285",50,"373,988","5,827",1.56,84, - ,0, - , - ,"489,468",1.5
DE,Adidas,Digital Brand,CMP_042025_014,Terrex Outdoor Video,Multi_Products,Multi_Products,awareness,4,2025-04-01,2025-04-30,completed,"245,430","245,430",SOCIAL,Instagram,,CPC,0.75,"32,724,000","327,240",1,"16,362,000",50,"261,792","4,383",1.67,84, - ,0, - , - ,"368,628",1.5
DE,Adidas,Digital Brand,adi_042025_009,Spring Brand Film,Brand_Film_General,Brand,awareness,4,2025-04-01,2025-04-30,completed,"245,430","245,430",SOCIAL,Instagram,,CPC,0.78,"31,465,384","314,653",1,"15,732,692",50,"251,722","4,388",1.74,84, - ,0, - , - ,"368,592",1.5
DE,Adidas,Digital Brand,adi_042025_008,Running Social Video,Adizero SL,Running,awareness,4,2025-04-01,2025-04-30,completed,"327,240","327,240",VIDEO,YouTube,,CPC,0.45,"72,720,000","727,200",1,"36,360,000",50,"581,760","5,827",1,84, - ,0, - , - ,"489,468",1.5
DE,Adidas,Digital Brand,adi_042025_008,Running Social Video,Adizero SL,Running,awareness,4,2025-04-01,2025-04-30,completed,"327,240","327,240",VIDEO,TikTok,,CPC,0.4,"81,810,000","818,100",1,"40,905,000",50,"736,290","5,827",0.79,84, - ,0, - , - ,"489,468",1.5
DE,Adidas,Digital Brand,CMP_042025_014,Terrex Outdoor Video,Multi_Products,Multi_Products,awareness,4,2025-04-01,2025-04-30,completed,"245,430","245,430",VIDEO,YouTube,,CPC,0.5,"49,086,000","490,860",1,"24,543,000",50,"392,688","4,383",1.12,84, - ,0, - , - ,"368,610",1.5
DE,Adidas,Digital Brand,CMP_042025_014,Terrex Outdoor Video,Multi_Products,Multi_Products,awareness,4,2025-04-01,2025-04-30,completed,"245,430","245,430",VIDEO,TikTok,,CPC,0.42,"58,435,714","584,357",1,"29,217,857",50,"525,921","4,388",0.83,84, - ,0, - , - ,"368,592",1.5
DE,Adidas,Digital Brand,adi_042025_009,Spring Brand Film,Brand_Film_General,Brand,awareness,4,2025-04-01,2025-04-30,completed,"245,430","245,430",VIDEO,YouTube,,CPC,0.55,"44,623,636","446,236",1,"22,311,818",50,"356,988","4,383",1.23,84, - ,0, - , - ,"368,610",1.5
DE,Adidas,Digital Brand,adi_042025_009,Spring Brand Film,Brand_Film_General,Brand,awareness,4,2025-04-01,2025-04-30,completed,"245,430","245,430",VIDEO,TikTok,,CPC,0.43,"57,076,744","570,767",1,"28,538,372",50,"513,690","4,383",0.85,84, - ,0, - , - ,"368,610",1.5
DE,Adidas,Digital Performance,adi_042025_006,Running Performance Push,Adizero SL,Running,conversion,4,2025-04-01,2025-04-30,completed,"122,715","122,715",DISPLAY,Criteo,Y,CPC,0.55,"22,311,818","223,118",1, - , - ,"200,806","8,765",4.36,84, - ,0, - , - ,"736,260",6
DE,Adidas,Digital Performance,adi_042025_005,Outdoor Terrex Performance,Multi_Products,Multi_Products,conversion,4,2025-04-01,2025-04-30,completed,"122,715","122,715",DISPLAY,Criteo,Y,CPC,0.52,"23,599,038","235,990",1, - , - ,"212,391","8,765",4.13,84, - ,0, - , - ,"736,260",6
DE,Adidas,Digital Performance,adi_042025_001,Always-On Search,Multi_Products,Multi_Products,conversion,4,2025-04-01,2025-04-30,completed,"1,117,422","1,145,340",SEM,Google,Y,CPC,0.88,"26,030,454","1,301,522",5, - , - ,"1,171,369","109,080",9.31,84, - ,0, - , - ,"9,162,720",8
DE,Adidas,Digital Performance,adi_042025_006,Running Performance Push,Adizero SL,Running,conversion,4,2025-04-01,2025-04-30,completed,"122,715","122,715",SOCIAL,Instagram,Y,CPC,0.85,"14,437,058","144,370",1, - , - ,"129,933","8,765",6.75,84, - ,0, - , - ,"736,260",6
DE,Adidas,Digital Performance,adi_042025_005,Outdoor Terrex Performance,Multi_Products,Multi_Products,conversion,4,2025-04-01,2025-04-30,completed,"122,715","122,715",SOCIAL,Instagram,Y,CPC,0.83,"14,784,939","147,849",1, - , - ,"133,064","8,765",6.59,84, - ,0, - , - ,"736,260",6
DE,Adidas,Retail Marketing,adi_042025_012,Spring Retail Refresh,Multi_Products,Multi_Products,conversion,4,2025-04-01,2025-04-30,completed,"203,108","203,108",EMAIL,Salesforce,Y,CPC,0.25,"81,243,200","812,432",1, - , - ,"731,188","14,441",1.97,84, - ,0, - , - ,"1,218,820",6
DE,Adidas,Retail Marketing,adi_042025_007,Running Retail Promo,Adizero SL,Running,conversion,4,2025-04-01,2025-04-30,completed,"157,973","157,973",EMAIL,Salesforce,Y,CPC,0.24,"65,822,083","658,220",1, - , - ,"592,398","11,234",1.9,84, - ,0, - , - ,"948,150",6
DE,Adidas,Retail Marketing,adi_042025_012,Spring Retail Refresh,Multi_Products,Multi_Products,conversion,4,2025-04-01,2025-04-30,completed,"203,108","203,108",SOCIAL,Instagram,Y,CPC,0.68,"29,868,823","298,688",1, - , - ,"268,819","14,510",5.4,84, - ,0, - , - ,"1,218,840",6
DE,Adidas,Retail Marketing,adi_042025_012,Spring Retail Refresh,Multi_Products,Multi_Products,conversion,4,2025-04-01,2025-04-30,completed,"203,108","203,108",SOCIAL,Facebook,Y,CPC,0.55,"36,928,727","369,287",1, - , - ,"332,358","14,510",4.37,84, - ,0, - , - ,"1,218,840",6
DE,Adidas,Retail Marketing,adi_042025_007,Running Retail Promo,Adizero SL,Running,conversion,4,2025-04-01,2025-04-30,completed,"157,973","157,973",SOCIAL,Instagram,Y,CPC,0.67,"23,578,059","235,780",1, - , - ,"212,202","11,288",5.32,84, - ,0, - , - ,"948,192",6
DE,Adidas,Retail Marketing,adi_042025_007,Running Retail Promo,Adizero SL,Running,conversion,4,2025-04-01,2025-04-30,completed,"157,973","157,973",SOCIAL,Facebook,Y,CPC,0.53,"29,806,226","298,062",1, - , - ,"268,255","11,288",4.21,84, - ,0, - , - ,"948,192",6
DE,Adidas,Sports Marketing,CMP_042025_013,Marathon Activation,Adizero SL,Running,consideration,4,2025-04-01,2025-04-30,completed,"250,488","250,488",DISPLAY,YouTube,,CPC,0.4,"62,622,000","626,220",1,"31,311,000",50,"563,598","3,578",0.63,84, - ,0, - , - ,"300,552",1.2
DE,Adidas,Sports Marketing,CMP_042025_013,Marathon Activation,Adizero SL,Running,consideration,4,2025-04-01,2025-04-30,completed,"250,488","250,488",SOCIAL,Instagram,,CPC,0.65,"38,536,615","385,366",1,"19,268,307",50,"346,829","3,578",1.03,84, - ,0, - , - ,"300,552",1.2
DE,Adidas,Sports Marketing,CMP_042025_013,Marathon Activation,Adizero SL,Running,consideration,4,2025-04-01,2025-04-30,completed,"250,488","250,488",VIDEO,YouTube,,CPC,0.45,"55,664,000","556,640",1,"27,832,000",50,"500,976","3,578",0.71,84, - ,0, - , - ,"300,552",1.2
DE,Adidas,Brand Offline,adi_052025_004,Footwear Launch DOOH,Samba OG,Brand,consideration,5,2025-05-05,2025-05-29,completed,"1,287,900","1,287,900",DOOH,JCDecaux,,CPM,10,"128,790,000", - , - , - , - , - , - , - , - ,"25,758,000",0,5,"128,790,000","8,000,000",6.21
DE,Adidas,Brand Offline,adi_052025_005,Footwear Launch OOH,Supernova 3,Brand,consideration,5,2025-05-05,2025-05-29,completed,"1,287,900","1,287,900",OOH,Stroeer,,CPM,8,"160,987,500", - , - , - , - , - , - , - , - ,"32,197,500",0,5, - ,"8,000,000",6.21
DE,Adidas,Brand Offline,adi_052025_006,Footwear Launch TVC,Ultraboost Light,Brand,consideration,5,2025-05-05,2025-05-29,completed,"708,345","708,345",TVC,RTL,,CPM,25,"28,333,800", - , - , - , - , - , - , - , - ,"5,666,760",400,5, - ,"4,200,000",5.93
DE,Adidas,Brand Offline,adi_052025_006,Footwear Launch TVC,Ultraboost Light,Brand,consideration,5,2025-05-05,2025-05-29,completed,"579,555","579,555",TVC,ProSieben,,CPM,14,"41,396,785", - , - , - , - , - , - , - , - ,"8,279,357",300,5, - ,"3,800,000",6.56
DE,Adidas,CRM,adi_052025_002,CRM May Activation,Multi_Products,Multi_Products,conversion,5,2025-05-01,2025-05-31,completed,"85,860","85,860",EMAIL,Salesforce,Y,CPC,0.23,"3,733,043","373,304",10, - , - ,"335,973","15,325",4.56,87, - ,0, - , - ,"1,333,333",15.53
DE,Adidas,CRM,adi_052025_002,CRM May Activation,Multi_Products,Multi_Products,conversion,5,2025-05-01,2025-05-31,completed,"85,860","85,860",SOCIAL,Instagram,Y,CPC,0.66,"13,009,090","260,181",2, - , - ,"234,163","15,325",5.84,87, - ,0, - , - ,"1,333,333",15.53
DE,Adidas,CRM,adi_052025_002,CRM May Activation,Multi_Products,Multi_Products,conversion,5,2025-05-01,2025-05-31,completed,"85,860","85,860",SOCIAL,Facebook,Y,CPC,0.52,"16,511,538","330,230",2, - , - ,"297,207","15,325",4.62,87, - ,0, - , - ,"1,333,334",15.53
DE,Adidas,Digital Brand,adi_052025_011,Lifestyle Social Video,Gazelle OG,Brand,awareness,5,2025-05-01,2025-05-31,completed,"181,260","181,260",SOCIAL,Instagram,,CPC,0.7,"25,894,285","258,942",1,"12,947,142",50,"207,154","1,149",0.56,87, - ,0, - , - ,"100,000",0.55
DE,Adidas,Digital Brand,adi_052025_013,Running Social Video,Supernova Rise,Running,awareness,5,2025-05-01,2025-05-25,completed,"181,260","181,260",SOCIAL,Instagram,,CPC,0.7,"25,894,285","258,942",1,"12,947,142",50,"207,154","1,149",0.56,87, - ,0, - , - ,"100,000",0.55
DE,Adidas,Digital Brand,adi_052025_003,Footwear Launch Brand Film,Ultraboost Light,Brand,awareness,5,2025-05-01,2025-05-31,completed,"181,260","181,260",SOCIAL,Instagram,,CPC,0.78,"23,238,461","232,384",1,"11,619,230",50,"185,907","1,149",0.62,87, - ,0, - , - ,"100,000",0.55
DE,Adidas,Digital Brand,adi_052025_011,Lifestyle Social Video,Gazelle OG,Brand,awareness,5,2025-05-01,2025-05-31,completed,"181,260","181,260",VIDEO,YouTube,,CPC,0.45,"40,280,000","402,800",1,"20,140,000",50,"322,240","1,149",0.36,87, - ,0, - , - ,"100,000",0.55
DE,Adidas,Digital Brand,adi_052025_011,Lifestyle Social Video,Gazelle OG,Brand,awareness,5,2025-05-01,2025-05-31,completed,"181,260","181,260",VIDEO,TikTok,,CPC,0.4,"45,315,000","453,150",1,"22,657,500",50,"407,835","1,149",0.31,87, - ,0, - , - ,"100,000",0.55
DE,Adidas,Digital Brand,adi_052025_013,Running Social Video,Supernova Rise,Running,awareness,5,2025-05-01,2025-05-25,completed,"181,260","181,260",VIDEO,YouTube,,CPC,0.45,"40,280,000","402,800",1,"20,140,000",50,"322,240","1,149",0.36,87, - ,0, - , - ,"100,000",0.55
DE,Adidas,Digital Brand,adi_052025_013,Running Social Video,Supernova Rise,Running,awareness,5,2025-05-01,2025-05-25,completed,"181,260","181,260",VIDEO,TikTok,,CPC,0.4,"45,315,000","453,150",1,"22,657,500",50,"407,835","1,149",0.31,87, - ,0, - , - ,"100,000",0.55
DE,Adidas,Digital Brand,adi_052025_003,Footwear Launch Brand Film,Ultraboost Light,Brand,awareness,5,2025-05-01,2025-05-31,completed,"181,260","181,260",VIDEO,YouTube,,CPC,0.55,"32,956,363","329,563",1,"16,478,181",50,"263,810","1,149",0.43,87, - ,0, - , - ,"100,000",0.55
DE,Adidas,Digital Brand,adi_052025_003,Footwear Launch Brand Film,Ultraboost Light,Brand,awareness,5,2025-05-01,2025-05-31,completed,"181,260","181,260",VIDEO,TikTok,,CPC,0.43,"42,153,488","421,534",1,"21,076,744",50,"379,381","1,149",0.34,87, - ,0, - , - ,"100,000",0.55
DE,Adidas,Digital Performance,adi_052025_007,Footwear Performance Push,Supernova 3,Running,conversion,5,2025-05-01,2025-05-31,completed,"128,790","128,790",DISPLAY,Criteo,Y,CPC,0.5,"36,252,000","362,520",1, - , - ,"326,268","1,149",0.35,87, - ,0, - , - ,"100,000",0.55
DE,Adidas,Digital Performance,adi_052025_010,Lifestyle Performance,Ultraboost 25,Multi_Products,conversion,5,2025-05-01,2025-05-31,completed,"128,790","128,790",DISPLAY,Criteo,Y,CPC,0.52,"23,228,846","232,288",1, - , - ,"209,059","15,325",6.59,87, - ,0, - , - ,"1,333,333",11.04
DE,Adidas,Digital Performance,adi_052025_001,Always-On Search,Multi_Products,Multi_Products,conversion,5,2025-05-01,2025-05-31,completed,"1,201,570","1,202,040",SEM,Google,Y,CPC,0.52,"23,228,846","232,288",1, - , - ,"209,059","15,325",6.59,87, - ,0, - , - ,"1,333,333",11.04
DE,Adidas,Digital Performance,adi_052025_007,Footwear Performance Push,Supernova 3,Running,conversion,5,2025-05-01,2025-05-31,completed,"128,790","128,790",SOCIAL,Instagram,Y,CPC,0.88,"27,319,090","1,639,145",6, - , - ,"1,475,230","160,919",10.91,87, - ,0, - , - ,"14,000,000",11.65
DE,Adidas,Digital Performance,adi_052025_010,Lifestyle Performance,Ultraboost 25,Multi_Products,conversion,5,2025-05-01,2025-05-31,completed,"128,790","128,790",SOCIAL,Instagram,Y,CPC,0.65,"18,583,076","185,830",1, - , - ,"167,247","15,325",8.25,87, - ,0, - , - ,"1,333,333",11.04
DE,Adidas,Retail Marketing,adi_052025_008,Footwear Retail Launch,Ultraboost Light,Multi_Products,conversion,5,2025-05-01,2025-05-31,completed,"114,480","114,480",EMAIL,Salesforce,Y,CPC,0.65,"18,583,076","185,830",1, - , - ,"167,247","15,325",8.25,87, - ,0, - , - ,"1,333,334",11.04
DE,Adidas,Retail Marketing,adi_052025_012,Running Retail Promo,Supernova 3,Running,conversion,5,2025-05-01,2025-05-31,completed,"85,860","85,860",EMAIL,Salesforce,Y,CPC,0.25,"45,792,000","457,920",1, - , - ,"412,128","28,735",6.27,87, - ,0, - , - ,"2,500,000",21.84
DE,Adidas,Retail Marketing,adi_052025_008,Footwear Retail Launch,Ultraboost Light,Multi_Products,conversion,5,2025-05-01,2025-05-31,completed,"114,480","114,480",SOCIAL,Instagram,Y,CPC,0.24,"35,775,000","357,750",1, - , - ,"321,975","28,735",7.74,87, - ,0, - , - ,"2,500,000",29.12
DE,Adidas,Retail Marketing,adi_052025_008,Footwear Retail Launch,Ultraboost Light,Multi_Products,conversion,5,2025-05-01,2025-05-31,completed,"114,480","114,480",SOCIAL,Facebook,Y,CPC,0.7,"16,354,285","163,542",1, - , - ,"147,188","28,735",17.2,87, - ,0, - , - ,"1,250,000",10.92
DE,Adidas,Retail Marketing,adi_052025_012,Running Retail Promo,Supernova 3,Running,conversion,5,2025-05-01,2025-05-31,completed,"85,860","85,860",SOCIAL,Instagram,Y,CPC,0.55,"20,814,545","208,145",1, - , - ,"187,330","28,735",13.75,87, - ,0, - , - ,"1,250,000",10.92
DE,Adidas,Retail Marketing,adi_052025_012,Running Retail Promo,Supernova 3,Running,conversion,5,2025-05-01,2025-05-31,completed,"85,860","85,860",SOCIAL,Facebook,Y,CPC,0.67,"12,814,925","128,149",1, - , - ,"115,334","28,735",22.09,87, - ,0, - , - ,"1,250,000",14.56
DE,Adidas,Sports Marketing,adi_052025_009,Golf Activation,ZG23 Golf Shoes,Multi_Products,consideration,5,2025-05-01,2025-05-31,completed,"169,248","169,248",DISPLAY,YouTube,,CPC,0.53,"16,200,000","162,000",1, - , - ,"145,800","28,735",17.65,87, - ,0, - , - ,"1,250,000",14.56
DE,Adidas,Sports Marketing,adi_052025_009,Golf Activation,ZG23 Golf Shoes,Multi_Products,consideration,5,2025-05-01,2025-05-31,completed,"169,248","169,248",SOCIAL,Instagram,,CPC,0.5,"33,849,600","338,496",1,"16,924,800",50,"304,646",919,0.27,87, - ,0, - , - ,"80,000",0.47
DE,Adidas,Sports Marketing,adi_052025_009,Golf Activation,ZG23 Golf Shoes,Multi_Products,consideration,5,2025-05-01,2025-05-31,completed,"169,248","169,248",VIDEO,YouTube,,CPC,0.65,"26,038,153","260,381",1,"13,019,076",50,"234,343",919,0.35,87, - ,0, - , - ,"80,000",0.47
DE,Adidas,Brand Offline,adi_062025_008,Summer DOOH,Supernova 3,Brand,consideration,6,2025-06-05,2025-06-29,completed,"759,629","759,629",DOOH,JCDecaux,,CPM,15,"50,641,933", - , - , - , - , - , - , - , - ,"10,128,386",0,5,"50,641,933","7,000,000",9.22
DE,Adidas,Brand Offline,adi_062025_011,Summer OOH,Samba OG,Brand,consideration,6,2025-06-05,2025-06-29,completed,"759,629","759,629",OOH,Stroeer,,CPM,8,"94,953,625", - , - , - , - , - , - , - , - ,"18,990,725",0,5, - ,"7,000,000",9.22
DE,Adidas,Brand Offline,adi_062025_007,Summer Brand Spot,Terrex Trailmaker,Brand,consideration,6,2025-06-05,2025-06-29,completed,"759,629","759,629",VIDEO,RTL,,CPM,25,"30,385,160", - , - , - , - , - , - , - , - ,"6,077,032",450,5, - ,"7,000,000",9.22
DE,Adidas,CRM,adi_062025_002,CRM Summer Activation,Multi_Products,Multi_Products,conversion,6,2025-06-01,2025-06-30,completed,"446,436","446,436",EMAIL,Salesforce,Y,CPC,0.23,"19,410,260","1,941,026",10, - , - ,"1,746,923","50,000",2.86,80, - ,0, - , - ,"4,000,000",8.96
DE,Adidas,Digital Brand,adi_062025_006,Running Social Video,Supernova Rise,Running,awareness,6,2025-06-01,2025-06-30,completed,"359,640","359,640",SOCIAL,Instagram,,CPC,0.7,"51,377,142","513,771",1,"25,688,571",50,"411,016","6,250",1.52,80, - ,0, - , - ,"500,000",1.39
DE,Adidas,Digital Brand,adi_062025_013,Terrex Outdoor Video,Terrex Trailmaker,Outdoor,awareness,6,2025-06-01,2025-06-30,completed,"359,640","359,640",SOCIAL,Instagram,,CPC,0.75,"47,952,000","479,520",1,"23,976,000",50,"383,616","6,250",1.63,80, - ,0, - , - ,"500,000",1.39
DE,Adidas,Digital Brand,adi_062025_010,Summer Lifestyle Social,Samba OG,Brand,awareness,6,2025-06-01,2025-06-30,completed,"359,640","359,640",SOCIAL,Instagram,,CPC,0.78,"46,107,692","461,076",1,"23,053,846",50,"368,860","6,250",1.69,80, - ,0, - , - ,"500,000",1.39
DE,Adidas,Digital Brand,adi_062025_006,Running Social Video,Supernova Rise,Running,awareness,6,2025-06-01,2025-06-30,completed,"359,640","359,640",VIDEO,YouTube,,CPC,0.45,"79,920,000","799,200",1,"39,960,000",50,"639,360","6,250",0.98,80, - ,0, - , - ,"500,000",1.39
DE,Adidas,Digital Brand,adi_062025_013,Terrex Outdoor Video,Terrex Trailmaker,Outdoor,awareness,6,2025-06-01,2025-06-30,completed,"359,640","359,640",VIDEO,YouTube,,CPC,0.5,"71,928,000","719,280",1,"35,964,000",50,"575,424","6,250",1.09,80, - ,0, - , - ,"500,000",1.39
DE,Adidas,Digital Brand,adi_062025_010,Summer Lifestyle Social,Samba OG,Brand,awareness,6,2025-06-01,2025-06-30,completed,"359,640","359,640",VIDEO,YouTube,,CPC,0.55,"65,389,090","653,890",1,"32,694,545",50,"523,112","6,250",1.19,80, - ,0, - , - ,"500,000",1.39
DE,Adidas,Digital Brand,adi_062025_006,Running Social Video,Supernova Rise,Running,awareness,6,2025-06-01,2025-06-30,completed,"179,820","179,820",VIDEO,TikTok,,CPC,0.4,"44,955,000","449,550",1,"22,477,500",50,"404,595","3,125",0.77,80, - ,0, - , - ,"250,000",1.39
DE,Adidas,Digital Brand,adi_062025_013,Terrex Outdoor Video,Terrex Trailmaker,Outdoor,awareness,6,2025-06-01,2025-06-30,completed,"179,820","179,820",VIDEO,TikTok,,CPC,0.42,"42,814,285","428,142",1,"21,407,142",50,"385,327","3,125",0.81,80, - ,0, - , - ,"250,000",1.39
DE,Adidas,Digital Brand,adi_062025_010,Summer Lifestyle Social,Samba OG,Brand,awareness,6,2025-06-01,2025-06-30,completed,"179,820","179,820",VIDEO,TikTok,,CPC,0.43,"41,818,604","418,186",1,"20,909,302",50,"376,367","3,125",0.83,80, - ,0, - , - ,"250,000",1.39
DE,Adidas,Digital Performance,adi_062025_004,Running Performance Push,Supernova 3,Running,conversion,6,2025-06-01,2025-06-30,completed,"80,919","80,919",DISPLAY,Programmatic,Y,CPC,0.55,"14,712,545","147,125",1, - , - ,"132,412","7,812",5.9,80, - ,0, - , - ,"625,000",7.72
DE,Adidas,Digital Performance,adi_062025_003,Outdoor Terrex Performance,Terrex Swift,Outdoor,conversion,6,2025-06-01,2025-06-30,completed,"80,919","80,919",DISPLAY,Programmatic,Y,CPC,0.52,"15,561,346","155,613",1, - , - ,"140,051","7,812",5.58,80, - ,0, - , - ,"625,000",7.72
DE,Adidas,Digital Performance,adi_062025_001,Always-On Search,Multi_Products,Multi_Products,conversion,6,2025-06-01,2025-06-30,completed,"1,309,984","1,258,740",SEM,Google,Y,CPC,0.88,"28,607,727","1,430,386",5, - , - ,"1,287,347","212,500",16.51,80, - ,0, - , - ,"17,000,000",13.51
DE,Adidas,Digital Performance,adi_062025_004,Running Performance Push,Supernova 3,Running,conversion,6,2025-06-01,2025-06-30,completed,"107,892","107,892",SOCIAL,Instagram,Y,CPC,0.85,"12,693,176","126,931",1, - , - ,"114,237","10,416",9.12,80, - ,0, - , - ,"833,333",7.72
DE,Adidas,Digital Performance,adi_062025_003,Outdoor Terrex Performance,Terrex Swift,Outdoor,conversion,6,2025-06-01,2025-06-30,completed,"107,892","107,892",SOCIAL,Instagram,Y,CPC,0.83,"12,999,036","129,990",1, - , - ,"116,991","10,416",8.9,80, - ,0, - , - ,"833,333",7.72
DE,Adidas,Digital Performance,adi_062025_004,Running Performance Push,Supernova 3,Running,conversion,6,2025-06-01,2025-06-30,completed,"80,919","80,919",VIDEO,YouTube,Y,CPC,0.75,"10,789,200","107,892",1,"5,394,600",50,"97,102","7,812",8.05,80, - ,0, - , - ,"625,000",7.72
DE,Adidas,Digital Performance,adi_062025_003,Outdoor Terrex Performance,Terrex Swift,Outdoor,conversion,6,2025-06-01,2025-06-30,completed,"80,919","80,919",VIDEO,YouTube,Y,CPC,0.72,"11,238,750","112,387",1,"5,619,375",50,"101,148","7,812",7.72,80, - ,0, - , - ,"625,000",7.72
DE,Adidas,Retail Marketing,adi_062025_012,Summer Sale Kickoff,Multi_Products,Multi_Products,conversion,6,2025-06-01,2025-06-30,completed,"238,099","238,099",EMAIL,Salesforce,Y,CPC,0.25,"95,239,600","952,396",1, - , - ,"857,156","42,187",4.92,80, - ,0, - , - ,"3,375,000",14.17
DE,Adidas,Retail Marketing,adi_062025_005,Running Retail Promo,Supernova 3,Running,conversion,6,2025-06-01,2025-06-30,completed,"178,574","178,574",EMAIL,Salesforce,Y,CPC,0.24,"74,405,833","744,058",1, - , - ,"669,652","31,640",4.72,80, - ,0, - , - ,"2,531,250",14.17
DE,Adidas,Retail Marketing,adi_062025_005,Running Retail Promo,Supernova 3,Running,conversion,6,2025-06-01,2025-06-30,completed,"267,862","241,076",PRODUCTION,In-store Materials,,FIXED,1, - , - , - , - , - , - , - , - , - , - ,0, - , - ,"2,000,000",7.47
DE,Adidas,Retail Marketing,adi_062025_012,Summer Sale Kickoff,Multi_Products,Multi_Products,conversion,6,2025-06-01,2025-06-30,completed,"357,149","357,149",TRADE,Offline POP,,FIXED,1, - , - , - , - , - , - , - , - , - , - ,0, - , - ,"2,666,667",7.47
DE,Adidas,Sports Marketing,adi_062025_014,Trail Running Activation,Supernova Rise,Running,consideration,6,2025-06-01,2025-06-30,completed,"229,419","229,419",PRODUCTION,Event Production,,FIXED,1, - , - , - , - , - , - , - , - , - , - ,0, - , - ,"500,000",2.18
DE,Adidas,Sports Marketing,adi_062025_009,Summer Events Activation,Multi_Products,Multi_Products,consideration,6,2025-06-01,2025-06-30,completed,"229,419","229,419",PRODUCTION,Community Activation,,FIXED,1, - , - , - , - , - , - , - , - , - , - ,0, - , - ,"500,000",2.18
DE,Adidas,Sports Marketing,CMP_062025_015,Outdoor Sports Support,Terrex Swift,Outdoor,consideration,6,2025-06-01,2025-06-30,completed,"229,419","229,419",PRODUCTION,Banners/Assets,,FIXED,1, - , - , - , - , - , - , - , - , - , - ,0, - , - ,"625,000",2.72
DE,Adidas,Brand Offline,adi_072025_014,Summer DOOH,Supernova 3,Brand,consideration,7,2025-07-05,2025-07-29,completed,"684,350","684,350",DOOH,JCDecaux,,CPM,18,"38,019,444", - , - , - , - , - , - , - , - ,"7,603,888",0,5,"38,019,444","6,500,000",9.5
DE,Adidas,Brand Offline,adi_072025_015,Summer OOH,Samba OG,Brand,consideration,7,2025-07-05,2025-07-29,completed,"684,350","684,350",OOH,Stroeer,,CPM,8,"85,543,750", - , - , - , - , - , - , - , - ,"17,108,750",0,5, - ,"6,500,000",9.5
DE,Adidas,Brand Offline,adi_072025_013,Summer Brand Spot,Predator 2025,Brand,consideration,7,2025-07-05,2025-07-29,completed,"684,350","684,350",VIDEO,RTL,,CPM,25,"27,374,000", - , - , - , - , - , - , - , - ,"5,474,800",420,5, - ,"6,500,000",9.5
DE,Adidas,CRM,adi_072025_002,CRM July Activation,Multi_Products,Multi_Products,conversion,7,2025-07-01,2025-07-31,completed,"402,195","402,195",EMAIL,Salesforce,Y,CPC,0.23,"17,486,739","1,748,673",10, - , - ,"1,573,806","42,683",2.71,82, - ,0, - , - ,"3,500,000",8.7
DE,Adidas,Digital Brand,adi_072025_009,Running Social Video,Supernova Rise,Running,awareness,7,2025-07-01,2025-07-31,completed,"81,000","81,000",AUDIO,Spotify,,CPC,0.3,"27,000,000","270,000",1, - , - ,"216,000","1,463",0.68,82, - ,0, - , - ,"120,000",1.48
DE,Adidas,Digital Brand,adi_072025_009,Running Social Video,Supernova Rise,Running,awareness,7,2025-07-01,2025-07-31,completed,"283,500","283,500",SOCIAL,Instagram,,CPC,0.7,"40,500,000","405,000",1,"20,250,000",50,"324,000","5,121",1.58,82, - ,0, - , - ,"420,000",1.48
DE,Adidas,Digital Brand,adi_072025_006,Football Pre-season Social Video,Predator 2025,Football,awareness,7,2025-07-01,2025-07-31,completed,"283,500","283,500",SOCIAL,Instagram,,CPC,0.71,"39,929,577","399,295",1,"19,964,788",50,"319,436","5,121",1.6,82, - ,0, - , - ,"420,000",1.48
DE,Adidas,Digital Brand,adi_072025_010,Summer Lifestyle Visuals,Samba OG,Brand,awareness,7,2025-07-01,2025-07-31,completed,"283,500","283,500",SOCIAL,Instagram,,CPC,0.72,"39,375,000","393,750",1,"19,687,500",50,"315,000","5,121",1.63,82, - ,0, - , - ,"420,000",1.48
DE,Adidas,Digital Brand,adi_072025_009,Running Social Video,Supernova Rise,Running,awareness,7,2025-07-01,2025-07-31,completed,"324,000","324,000",VIDEO,YouTube,,CPC,0.45,"72,000,000","720,000",1,"36,000,000",50,"576,000","5,853",1.02,82, - ,0, - , - ,"480,000",1.48
DE,Adidas,Digital Brand,adi_072025_006,Football Pre-season Social Video,Predator 2025,Football,awareness,7,2025-07-01,2025-07-31,completed,"324,000","324,000",VIDEO,YouTube,,CPC,0.46,"70,434,782","704,347",1,"35,217,391",50,"563,478","5,853",1.04,82, - ,0, - , - ,"480,000",1.48
DE,Adidas,Digital Brand,adi_072025_010,Summer Lifestyle Visuals,Samba OG,Brand,awareness,7,2025-07-01,2025-07-31,completed,"324,000","324,000",VIDEO,YouTube,,CPC,0.47,"68,936,170","689,361",1,"34,468,085",50,"551,489","5,853",1.06,82, - ,0, - , - ,"480,000",1.48
DE,Adidas,Digital Brand,adi_072025_009,Running Social Video,Supernova Rise,Running,awareness,7,2025-07-01,2025-07-31,completed,"121,500","121,500",VIDEO,TikTok,,CPC,0.4,"30,375,000","303,750",1,"15,187,500",50,"273,375","2,195",0.8,82, - ,0, - , - ,"180,000",1.48
DE,Adidas,Digital Brand,adi_072025_006,Football Pre-season Social Video,Predator 2025,Football,awareness,7,2025-07-01,2025-07-31,completed,"121,500","121,500",VIDEO,TikTok,,CPC,0.41,"29,634,146","296,341",1,"14,817,073",50,"266,707","2,195",0.82,82, - ,0, - , - ,"180,000",1.48
DE,Adidas,Digital Brand,adi_072025_010,Summer Lifestyle Visuals,Samba OG,Brand,awareness,7,2025-07-01,2025-07-31,completed,"121,500","121,500",VIDEO,TikTok,,CPC,0.41,"29,634,146","296,341",1,"14,817,073",50,"266,707","2,195",0.82,82, - ,0, - , - ,"180,000",1.48
DE,Adidas,Digital Brand,adi_072025_006,Football Pre-season Social Video,Predator 2025,Football,awareness,7,2025-07-01,2025-07-31,completed,"81,000","81,000",VIDEO,Snapchat,,CPC,0.33,"24,545,454","245,454",1,"12,272,727",50,"196,363","1,463",0.75,82, - ,0, - , - ,"120,000",1.48
DE,Adidas,Digital Brand,adi_072025_010,Summer Lifestyle Visuals,Samba OG,Brand,awareness,7,2025-07-01,2025-07-31,completed,"81,000","81,000",VIDEO,Pinterest Video,,CPC,0.34,"23,823,529","238,235",1,"11,911,764",50,"190,588","1,463",0.77,82, - ,0, - , - ,"120,000",1.48
DE,Adidas,Digital Performance,adi_072025_003,Football Boots Retargeting,Predator 2025,Football,conversion,7,2025-07-01,2025-07-31,completed,"60,750","60,750",DISPLAY,Programmatic,Y,CPC,0.55,"11,045,454","110,454",1, - , - ,"99,409","5,644",5.68,82, - ,0, - , - ,"462,857",7.62
DE,Adidas,Digital Performance,adi_072025_008,Running/Cycling Retargeting,Supernova 3,Running,conversion,7,2025-07-01,2025-07-31,completed,"60,750","60,750",DISPLAY,Programmatic,Y,CPC,0.53,"11,462,264","114,622",1, - , - ,"103,160","5,644",5.47,82, - ,0, - , - ,"462,857",7.62
DE,Adidas,Digital Performance,adi_072025_003,Football Boots Retargeting,Predator 2025,Football,conversion,7,2025-07-01,2025-07-31,completed,"36,450","36,450",DISPLAY,Pinterest,Y,CPC,0.6,"6,075,000","60,750",1, - , - ,"54,675","3,386",6.19,82, - ,0, - , - ,"277,714",7.62
DE,Adidas,Digital Performance,adi_072025_008,Running/Cycling Retargeting,Supernova 3,Running,conversion,7,2025-07-01,2025-07-31,completed,"36,450","36,450",DISPLAY,TikTok,Y,CPC,0.58,"6,284,482","62,844",1, - , - ,"56,560","3,386",5.99,82, - ,0, - , - ,"277,714",7.62
DE,Adidas,Digital Performance,adi_072025_001,Always-On Search,Multi_Products,Multi_Products,conversion,7,2025-07-01,2025-07-31,completed,"1,154,374","1,134,000",SEM,Google,Y,CPC,0.88,"25,772,727","1,288,636",5, - , - ,"1,159,772","170,731",14.72,82, - ,0, - , - ,"14,000,000",12.35
DE,Adidas,Digital Performance,adi_072025_003,Football Boots Retargeting,Predator 2025,Football,conversion,7,2025-07-01,2025-07-31,completed,"85,050","85,050",SOCIAL,Instagram,Y,CPC,0.85,"10,005,882","100,058",1, - , - ,"90,053","7,902",8.77,82, - ,0, - , - ,"648,000",7.62
DE,Adidas,Digital Performance,adi_072025_008,Running/Cycling Retargeting,Supernova 3,Running,conversion,7,2025-07-01,2025-07-31,completed,"85,050","85,050",SOCIAL,Instagram,Y,CPC,0.86,"9,889,534","98,895",1, - , - ,"89,005","7,902",8.88,82, - ,0, - , - ,"648,000",7.62
DE,Adidas,Digital Performance,adi_072025_003,Football Boots Retargeting,Predator 2025,Football,conversion,7,2025-07-01,2025-07-31,completed,"60,750","60,750",VIDEO,YouTube,Y,CPC,0.75,"8,100,000","81,000",1,"4,050,000",50,"72,900","5,644",7.74,82, - ,0, - , - ,"462,857",7.62
DE,Adidas,Digital Performance,adi_072025_008,Running/Cycling Retargeting,Supernova 3,Running,conversion,7,2025-07-01,2025-07-31,completed,"60,750","60,750",VIDEO,YouTube,Y,CPC,0.74,"8,209,459","82,094",1,"4,104,729",50,"73,885","5,644",7.64,82, - ,0, - , - ,"462,857",7.62
DE,Adidas,Retail Marketing,adi_072025_011,Summer Retail Sale,Multi_Products,Multi_Products,conversion,7,2025-07-01,2025-07-31,completed,"214,504","214,504",EMAIL,Salesforce,Y,CPC,0.25,"85,801,600","858,016",1, - , - ,"772,214","35,230",4.56,82, - ,0, - , - ,"2,888,912",13.47
DE,Adidas,Retail Marketing,adi_072025_005,Football Pre-season Retail Promo,Predator 2025,Football,conversion,7,2025-07-01,2025-07-31,completed,"160,878","160,878",EMAIL,Salesforce,Y,CPC,0.24,"67,032,500","670,325",1, - , - ,"603,292","26,422",4.38,82, - ,0, - , - ,"2,166,688",13.47
DE,Adidas,Retail Marketing,adi_072025_005,Football Pre-season Retail Promo,Predator 2025,Football,conversion,7,2025-07-01,2025-07-31,completed,"241,317","241,317",PRODUCTION,In-store Materials,,FIXED,1, - , - , - , - , - , - , - , - , - , - ,0, - , - ,"1,500,000",6.22
DE,Adidas,Retail Marketing,adi_072025_011,Summer Retail Sale,Multi_Products,Multi_Products,conversion,7,2025-07-01,2025-07-31,completed,"321,756","321,756",TRADE,Offline POP,,FIXED,1, - , - , - , - , - , - , - , - , - , - ,0, - , - ,"2,000,000",6.22
DE,Adidas,Sports Marketing,adi_072025_004,Football Pre-season Activation,Predator 2025,Football,consideration,7,2025-07-01,2025-07-31,completed,"186,017","186,017",PRODUCTION,Event Production,,FIXED,1, - , - , - , - , - , - , - , - , - , - ,0, - , - ,"1,300,000",6.99
DE,Adidas,Sports Marketing,adi_072025_007,Golf/Cycling Activation,The Road Cycling Shoe,Outdoor,consideration,7,2025-07-01,2025-07-31,completed,"186,017","167,415",PRODUCTION,Community Activation,,FIXED,1, - , - , - , - , - , - , - , - , - , - ,0, - , - ,"1,300,000",6.99
DE,Adidas,Sports Marketing,adi_072025_012,Summer Sports Community Activation,Multi_Products,Multi_Products,consideration,7,2025-07-01,2025-07-31,completed,"186,017","186,017",PRODUCTION,Banners/Assets,,FIXED,1, - , - , - , - , - , - , - , - , - , - ,0, - , - ,"1,300,000",6.99
DE,Adidas,Brand Offline,adi_082025_013,Outdoor Last Push DOOH,Terrex Trailmaker,Outdoor,consideration,8,2025-08-05,2025-08-29,completed,"646,331","646,331",DOOH,JCDecaux,,CPM,10,"64,633,100", - , - , - , - , - , - , - , - ,"12,926,620",0,5,"64,633,100","3,125,000",4.83
DE,Adidas,Brand Offline,adi_082025_005,Back-to-Sport OOH,Predator Elite,Brand,consideration,8,2025-08-05,2025-08-29,completed,"646,331","646,331",OOH,Stroeer,,CPM,8,"80,791,375", - , - , - , - , - , - , - , - ,"16,158,275",0,5, - ,"3,125,000",4.83
DE,Adidas,Brand Offline,adi_082025_002,Back-to-Sport Brand Spot,Samba OG,Brand,consideration,8,2025-08-05,2025-08-29,completed,"646,331","646,331",VIDEO,RTL,,CPM,25,"25,853,240", - , - , - , - , - , - , - , - ,"5,170,648",400,5, - ,"3,125,000",4.83
DE,Adidas,CRM,adi_082025_008,CRM August Activation,Multi_Products,Multi_Products,conversion,8,2025-08-01,2025-08-31,completed,"379,851","379,851",EMAIL,Salesforce,Y,CPM,25,"25,853,240", - , - , - , - , - , - , - , - ,"5,170,648",400,5, - ,"3,125,000",4.83
DE,Adidas,Digital Brand,adi_082025_007,Back-to-Sport Running Video,Supernova Rise,Running,awareness,8,2025-08-01,2025-08-31,completed,"76,500","76,500",AUDIO,Spotify,,CPC,0.23,"16,124,000","1,612,400",10, - , - ,"1,451,160","11,764",0.81,85, - ,0, - , - ,"1,000,000",2.7
DE,Adidas,Digital Brand,adi_082025_011,Football Season Social Video,Predator Elite,Football,awareness,8,2025-08-01,2025-08-31,completed,"267,750","267,750",SOCIAL,Instagram,,CPC,0.3,"25,433,333","254,333",1, - , - ,"203,466","11,764",4.62,85, - ,0, - , - ,"1,000,000",13.11
DE,Adidas,Digital Brand,adi_082025_007,Back-to-Sport Running Video,Supernova Rise,Running,awareness,8,2025-08-01,2025-08-31,completed,"267,750","267,750",SOCIAL,Instagram,,CPC,0.7,"10,900,000","109,000",1,"5,450,000",50,"87,200","11,764",13.5,85, - ,0, - , - ,"1,000,000",13.11
DE,Adidas,Digital Brand,adi_082025_016,Summer Lifestyle Social,Samba OG,Brand,awareness,8,2025-08-01,2025-08-31,completed,"267,750","267,750",SOCIAL,Instagram,,CPC,0.7,"10,900,000","109,000",1,"5,450,000",50,"87,200","11,764",13.5,85, - ,0, - , - ,"1,000,000",13.11
DE,Adidas,Digital Brand,adi_082025_011,Football Season Social Video,Predator Elite,Football,awareness,8,2025-08-01,2025-08-31,completed,"306,000","306,000",VIDEO,YouTube,,CPC,0.72,"37,187,500","371,875",1,"18,593,750",50,"297,500","3,676",1.23,85, - ,0, - , - ,"312,500",1.17
DE,Adidas,Digital Brand,adi_082025_007,Back-to-Sport Running Video,Supernova Rise,Running,awareness,8,2025-08-01,2025-08-31,completed,"306,000","306,000",VIDEO,YouTube,,CPC,0.7,"38,250,000","382,500",1,"19,125,000",50,"306,000","3,676",1.2,85, - ,0, - , - ,"312,500",1.17
DE,Adidas,Digital Brand,adi_082025_016,Summer Lifestyle Social,Samba OG,Brand,awareness,8,2025-08-01,2025-08-31,completed,"306,000","306,000",VIDEO,YouTube,,CPC,0.45,"68,000,000","680,000",1,"34,000,000",50,"544,000","4,285",0.79,85, - ,0, - , - ,"357,142",1.17
DE,Adidas,Digital Brand,adi_082025_011,Football Season Social Video,Predator Elite,Football,awareness,8,2025-08-01,2025-08-31,completed,"114,750","114,750",VIDEO,TikTok,,CPC,0.47,"65,106,382","651,063",1,"32,553,191",50,"520,851","4,285",0.82,85, - ,0, - , - ,"357,142",1.17
DE,Adidas,Digital Brand,adi_082025_007,Back-to-Sport Running Video,Supernova Rise,Running,awareness,8,2025-08-01,2025-08-31,completed,"114,750","114,750",VIDEO,TikTok,,CPC,0.45,"68,000,000","680,000",1,"34,000,000",50,"544,000","4,285",0.79,85, - ,0, - , - ,"357,142",1.17
DE,Adidas,Digital Brand,adi_082025_016,Summer Lifestyle Social,Samba OG,Brand,awareness,8,2025-08-01,2025-08-31,completed,"114,750","114,750",VIDEO,TikTok,,CPC,0.47,"65,106,382","651,063",1,"32,553,191",50,"520,851","4,285",0.82,85, - ,0, - , - ,"357,142",1.17
DE,Adidas,Digital Brand,adi_082025_011,Football Season Social Video,Predator Elite,Football,awareness,8,2025-08-01,2025-08-31,completed,"76,500","76,500",VIDEO,Snapchat,,CPC,0.4,"28,687,500","286,875",1,"14,343,750",50,"258,187","1,593",0.61,85, - ,0, - , - ,"136,363",1.19
DE,Adidas,Digital Brand,adi_082025_016,Summer Lifestyle Social,Samba OG,Brand,awareness,8,2025-08-01,2025-08-31,completed,"76,500","76,500",VIDEO,Pinterest Video,,CPC,0.4,"28,687,500","286,875",1,"14,343,750",50,"258,187","1,593",0.61,85, - ,0, - , - ,"136,363",1.19
DE,Adidas,Digital Performance,adi_082025_010,Football Retargeting,Predator Elite,Football,conversion,8,2025-08-01,2025-08-31,completed,"57,375","57,375",DISPLAY,Programmatic,Y,CPC,0.41,"27,987,804","279,878",1,"13,993,902",50,"251,900","1,593",0.64,85, - ,0, - , - ,"136,363",1.19
DE,Adidas,Digital Performance,adi_082025_014,Running/Outdoor Retargeting,Terrex Swift,Outdoor,conversion,8,2025-08-01,2025-08-31,completed,"57,375","57,375",DISPLAY,Programmatic,Y,CPC,0.33,"34,772,727","347,727",1,"17,386,363",50,"278,181","1,593",0.57,85, - ,0, - , - ,"136,363",1.19
DE,Adidas,Digital Performance,adi_082025_010,Football Retargeting,Predator Elite,Football,conversion,8,2025-08-01,2025-08-31,completed,"38,250","38,250",DISPLAY,Pinterest,Y,CPC,0.34,"22,500,000","225,000",1,"11,250,000",50,"180,000","1,062",0.59,85, - ,0, - , - ,"90,909",1.19
DE,Adidas,Digital Performance,adi_082025_014,Running/Outdoor Retargeting,Terrex Swift,Outdoor,conversion,8,2025-08-01,2025-08-31,completed,"38,250","38,250",DISPLAY,TikTok,Y,CPC,0.55,"10,431,818","104,318",1, - , - ,"93,886","2,941",3.13,85, - ,0, - , - ,"250,000",4.36
DE,Adidas,Digital Performance,adi_082025_001,Always-On Search,Multi_Products,Multi_Products,conversion,8,2025-08-01,2025-08-31,completed,"1,059,232","1,071,000",SEM,Google,Y,CPC,0.53,"10,825,471","108,254",1, - , - ,"97,429","2,941",3.02,85, - ,0, - , - ,"250,000",4.36
DE,Adidas,Digital Performance,adi_082025_010,Football Retargeting,Predator Elite,Football,conversion,8,2025-08-01,2025-08-31,completed,"80,325","80,325",SOCIAL,Instagram,Y,CPC,0.6,"6,375,000","63,750",1, - , - ,"57,375","1,960",3.41,85, - ,0, - , - ,"166,666",4.36
DE,Adidas,Digital Performance,adi_082025_014,Running/Outdoor Retargeting,Terrex Swift,Outdoor,conversion,8,2025-08-01,2025-08-31,completed,"80,325","80,325",SOCIAL,Instagram,Y,CPC,0.58,"6,594,827","65,948",1, - , - ,"59,353","1,960",3.3,85, - ,0, - , - ,"166,666",4.36
DE,Adidas,Digital Performance,adi_082025_010,Football Retargeting,Predator Elite,Football,conversion,8,2025-08-01,2025-08-31,completed,"57,375","57,375",VIDEO,YouTube,Y,CPC,0.88,"24,340,909","1,217,045",5, - , - ,"1,095,340","188,235",17.18,85, - ,0, - , - ,"16,000,000",14.93
DE,Adidas,Digital Performance,adi_082025_014,Running/Outdoor Retargeting,Terrex Swift,Outdoor,conversion,8,2025-08-01,2025-08-31,completed,"57,375","57,375",VIDEO,YouTube,Y,CPC,0.85,"9,450,000","94,500",1, - , - ,"85,050","4,000",4.7,85, - ,0, - , - ,"340,000",4.23
DE,Adidas,Retail Marketing,adi_082025_015,Summer End Sale,Multi_Products,Multi_Products,conversion,8,2025-08-01,2025-08-31,completed,"202,587","202,587",EMAIL,Salesforce,Y,CPC,0.86,"9,340,116","93,401",1, - , - ,"84,061","4,000",4.76,85, - ,0, - , - ,"340,000",4.23
DE,Adidas,Retail Marketing,adi_082025_006,Back-to-Sport Retail Promo,Predator Elite,Football,conversion,8,2025-08-01,2025-08-31,completed,"151,940","151,940",EMAIL,Salesforce,Y,CPC,0.74,"7,753,378","77,533",1,"3,876,689",50,"69,780","2,941",4.21,85, - ,0, - , - ,"250,000",4.36
DE,Adidas,Retail Marketing,adi_082025_006,Back-to-Sport Retail Promo,Predator Elite,Football,conversion,8,2025-08-01,2025-08-31,completed,"227,911","227,911",PRODUCTION,In-store Materials,,CPC,0.75,"7,650,000","76,500",1,"3,825,000",50,"68,850","2,941",4.27,85, - ,0, - , - ,"250,000",4.36
DE,Adidas,Retail Marketing,adi_082025_015,Summer End Sale,Multi_Products,Multi_Products,conversion,8,2025-08-01,2025-08-31,completed,"303,881","303,881",TRADE,Offline POP,,CPC,0.25,"81,038,800","810,388",1, - , - ,"729,349","55,882",7.66,85, - ,0, - , - ,"4,750,000",23.44
DE,Adidas,Sports Marketing,adi_082025_009,Football Pre-season Activation,Predator Elite,Football,consideration,8,2025-08-01,2025-08-31,completed,"244,168","244,168",PRODUCTION,Event Production,,CPC,0.24,"79,975,000","799,750",1, - , - ,"719,775","55,882",7.76,85, - ,0, - , - ,"4,750,000",24.75
DE,Adidas,Sports Marketing,adi_082025_012,Outdoor Final Activation,Terrex Swift,Outdoor,consideration,8,2025-08-01,2025-08-31,completed,"244,168","244,168",PRODUCTION,Community Activation,,FIXED,1, - , - , - , - , - , - , - , - , - , - ,0, - , - ,"1,500,000",6.58
DE,Adidas,Sports Marketing,adi_082025_003,Back-to-Sport Community Activation,Multi_Products,Multi_Products,consideration,8,2025-08-01,2025-08-31,completed,"244,168","219,751",PRODUCTION,Banners/Assets,,FIXED,1, - , - , - , - , - , - , - , - , - , - ,0, - , - ,"1,500,000",4.93
DE,Adidas,Brand Offline,adi_092025_003,Back-to-Sport Hero TVC,Predator 2025,Brand,consideration,9,2025-09-05,2025-09-29,completed,"875,968","875,968",TVC,RTL,,FIXED,1,"58,397,866", - , - , - , - , - , - , - , - ,"11,679,573",450,5, - ,"8,500,000",9.7
DE,Adidas,Brand Offline,adi_092025_003,Back-to-Sport Hero TVC,Predator 2025,Brand,consideration,9,2025-09-05,2025-09-29,completed,"656,976","656,976",TVC,ProSieben,,FIXED,1,"43,798,400", - , - , - , - , - , - , - , - ,"8,759,680",350,5, - ,"6,500,000",9.89
DE,Adidas,Brand Offline,adi_092025_003,Back-to-Sport Hero TVC,Predator 2025,Brand,consideration,9,2025-09-05,2025-09-29,completed,"437,984","437,984",TVC,SPORT1,,FIXED,1,"29,198,933", - , - , - , - , - , - , - , - ,"5,839,786",250,5, - ,"4,500,000",10.27
DE,Adidas,Brand Offline,adi_092025_003,Back-to-Sport Hero TVC,Predator 2025,Brand,consideration,9,2025-09-05,2025-09-29,completed,"218,992","218,992",TVC,Sat.1,,CPM,14,"15,642,285", - , - , - , - , - , - , - , - ,"3,128,457",120,5, - ,"2,500,000",11.42
DE,Adidas,CRM,adi_092025_005,CRM September Activation,Multi_Products,Multi_Products,conversion,9,2025-09-01,2025-09-30,completed,"429,008","429,008",EMAIL,Salesforce,Y,CPC,0.23,"18,652,521","1,865,252",10, - , - ,"1,678,726","40,000",2.38,90, - ,0, - , - ,"3,600,000",8.39
DE,Adidas,Digital Brand,adi_092025_012,Running FW Social Video,Supernova FW,Running,awareness,9,2025-09-01,2025-09-30,completed,"86,400","86,400",AUDIO,Spotify,,CPC,0.3,"28,800,000","288,000",1, - , - ,"230,400","1,222",0.53,90, - ,0, - , - ,"110,000",1.27
DE,Adidas,Digital Brand,adi_092025_012,Running FW Social Video,Supernova FW,Running,awareness,9,2025-09-01,2025-09-30,completed,"302,400","302,400",SOCIAL,Instagram,,CPC,0.7,"43,200,000","432,000",1,"21,600,000",50,"345,600","4,277",1.24,90, - ,0, - , - ,"385,000",1.27
DE,Adidas,Digital Brand,adi_092025_007,Football Peak Social Video,Predator 2025,Football,awareness,9,2025-09-01,2025-09-30,completed,"302,400","302,400",SOCIAL,Instagram,,CPC,0.71,"42,591,549","425,915",1,"21,295,774",50,"340,732","4,277",1.26,90, - ,0, - , - ,"385,000",1.27
DE,Adidas,Digital Brand,adi_092025_002,Autumn Lifestyle Social,Samba OG,Brand,awareness,9,2025-09-01,2025-09-30,completed,"302,400","302,400",SOCIAL,Instagram,,CPC,0.72,"42,000,000","420,000",1,"21,000,000",50,"336,000","4,277",1.27,90, - ,0, - , - ,"385,000",1.27
DE,Adidas,Digital Brand,adi_092025_012,Running FW Social Video,Supernova FW,Running,awareness,9,2025-09-01,2025-09-30,completed,"345,600","345,600",VIDEO,YouTube,,CPC,0.45,"76,800,000","768,000",1,"38,400,000",50,"614,400","4,888",0.8,90, - ,0, - , - ,"440,000",1.27
DE,Adidas,Digital Brand,adi_092025_007,Football Peak Social Video,Predator 2025,Football,awareness,9,2025-09-01,2025-09-30,completed,"345,600","345,600",VIDEO,YouTube,,CPC,0.46,"75,130,434","751,304",1,"37,565,217",50,"601,043","4,888",0.81,90, - ,0, - , - ,"440,000",1.27
DE,Adidas,Digital Brand,adi_092025_002,Autumn Lifestyle Social,Samba OG,Brand,awareness,9,2025-09-01,2025-09-30,completed,"345,600","345,600",VIDEO,YouTube,,CPC,0.47,"73,531,914","735,319",1,"36,765,957",50,"588,255","4,888",0.83,90, - ,0, - , - ,"440,000",1.27
DE,Adidas,Digital Brand,adi_092025_012,Running FW Social Video,Supernova FW,Running,awareness,9,2025-09-01,2025-09-30,completed,"129,600","129,600",VIDEO,TikTok,,CPC,0.4,"32,400,000","324,000",1,"16,200,000",50,"291,600","1,833",0.63,90, - ,0, - , - ,"165,000",1.27
DE,Adidas,Digital Brand,adi_092025_007,Football Peak Social Video,Predator 2025,Football,awareness,9,2025-09-01,2025-09-30,completed,"129,600","129,600",VIDEO,TikTok,,CPC,0.41,"31,609,756","316,097",1,"15,804,878",50,"284,487","1,833",0.64,90, - ,0, - , - ,"165,000",1.27
DE,Adidas,Digital Brand,adi_092025_002,Autumn Lifestyle Social,Samba OG,Brand,awareness,9,2025-09-01,2025-09-30,completed,"129,600","129,600",VIDEO,TikTok,,CPC,0.41,"31,609,756","316,097",1,"15,804,878",50,"284,487","1,833",0.64,90, - ,0, - , - ,"165,000",1.27
DE,Adidas,Digital Brand,adi_092025_007,Football Peak Social Video,Predator 2025,Football,awareness,9,2025-09-01,2025-09-30,completed,"86,400","86,400",VIDEO,Snapchat,,CPC,0.33,"26,181,818","261,818",1,"13,090,909",50,"209,454","1,222",0.58,90, - ,0, - , - ,"110,000",1.27
DE,Adidas,Digital Brand,adi_092025_002,Autumn Lifestyle Social,Samba OG,Brand,awareness,9,2025-09-01,2025-09-30,completed,"86,400","86,400",VIDEO,Pinterest Video,,CPC,0.34,"25,411,764","254,117",1,"12,705,882",50,"203,293","1,222",0.6,90, - ,0, - , - ,"110,000",1.27
DE,Adidas,Digital Performance,adi_092025_008,Football Retargeting,Predator 2025,Football,conversion,9,2025-09-01,2025-09-30,completed,"64,800","64,800",DISPLAY,Programmatic,Y,CPC,0.55,"11,781,818","117,818",1, - , - ,"106,036","4,444",4.19,90, - ,0, - , - ,"400,000",6.17
DE,Adidas,Digital Performance,adi_092025_013,Running/Outdoor Retargeting,Supernova FW,Running,conversion,9,2025-09-01,2025-09-30,completed,"64,800","64,800",DISPLAY,Programmatic,Y,CPC,0.54,"12,000,000","120,000",1, - , - ,"108,000","4,444",4.12,90, - ,0, - , - ,"400,000",6.17
DE,Adidas,Digital Performance,adi_092025_008,Football Retargeting,Predator 2025,Football,conversion,9,2025-09-01,2025-09-30,completed,"38,880","38,880",DISPLAY,Pinterest,Y,CPC,0.59,"6,589,830","65,898",1, - , - ,"59,308","2,666",4.5,90, - ,0, - , - ,"240,000",6.17
DE,Adidas,Digital Performance,adi_092025_013,Running/Outdoor Retargeting,Supernova FW,Running,conversion,9,2025-09-01,2025-09-30,completed,"38,880","38,880",DISPLAY,TikTok,Y,CPC,0.58,"6,703,448","67,034",1, - , - ,"60,330","2,666",4.42,90, - ,0, - , - ,"240,000",6.17
DE,Adidas,Digital Performance,adi_092025_001,Always-On Search,Multi_Products,Multi_Products,conversion,9,2025-09-01,2025-09-30,completed,"1,175,662","1,209,600",SEM,Google,Y,CPC,0.88,"27,490,909","1,374,545",5, - , - ,"1,237,090","166,666",13.47,90, - ,0, - , - ,"15,000,000",12.4
DE,Adidas,Digital Performance,adi_092025_008,Football Retargeting,Predator 2025,Football,conversion,9,2025-09-01,2025-09-30,completed,"90,720","90,720",SOCIAL,Instagram,Y,CPC,0.85,"10,672,941","106,729",1, - , - ,"96,056","6,222",6.48,90, - ,0, - , - ,"560,000",6.17
DE,Adidas,Digital Performance,adi_092025_013,Running/Outdoor Retargeting,Supernova FW,Running,conversion,9,2025-09-01,2025-09-30,completed,"90,720","90,720",SOCIAL,Instagram,Y,CPC,0.86,"10,548,837","105,488",1, - , - ,"94,939","6,222",6.55,90, - ,0, - , - ,"560,000",6.17
DE,Adidas,Digital Performance,adi_092025_008,Football Retargeting,Predator 2025,Football,conversion,9,2025-09-01,2025-09-30,completed,"64,800","64,800",VIDEO,YouTube,Y,CPC,0.74,"8,756,756","87,567",1,"4,378,378",50,"78,810","4,444",5.64,90, - ,0, - , - ,"400,000",6.17
DE,Adidas,Digital Performance,adi_092025_013,Running/Outdoor Retargeting,Supernova FW,Running,conversion,9,2025-09-01,2025-09-30,completed,"64,800","64,800",VIDEO,YouTube,Y,CPC,0.75,"8,640,000","86,400",1,"4,320,000",50,"77,760","4,444",5.71,90, - ,0, - , - ,"400,000",6.17
DE,Adidas,Retail Marketing,adi_092025_004,Back-to-Sport Retail Sale,Multi_Products,Multi_Products,conversion,9,2025-09-01,2025-09-30,completed,"228,804","228,804",EMAIL,Salesforce,Y,CPC,0.25,"91,521,600","915,216",1, - , - ,"823,694","77,777",9.44,90, - ,0, - , - ,"7,000,000",30.59
DE,Adidas,Retail Marketing,adi_092025_011,Running FW Retail Promo,Supernova FW,Running,conversion,9,2025-09-01,2025-09-30,completed,"171,603","171,603",EMAIL,Salesforce,Y,CPC,0.24,"71,501,250","715,012",1, - , - ,"643,510","55,555",8.63,90, - ,0, - , - ,"5,000,000",29.14
DE,Adidas,Retail Marketing,adi_092025_011,Running FW Retail Promo,Supernova FW,Running,conversion,9,2025-09-01,2025-09-30,completed,"257,405","257,405",PRODUCTION,In-store Materials,,FIXED,1, - , - , - , - , - , - , - , - , - , - ,0, - , - ,"1,000,000",3.88
DE,Adidas,Retail Marketing,adi_092025_004,Back-to-Sport Retail Sale,Multi_Products,Multi_Products,conversion,9,2025-09-01,2025-09-30,completed,"343,207","343,207",TRADE,Offline POP,,FIXED,1, - , - , - , - , - , - , - , - , - , - ,0, - , - ,"1,500,000",4.37
DE,Adidas,Sports Marketing,adi_092025_006,Football Community Activation,Predator 2025,Football,consideration,9,2025-09-01,2025-09-30,completed,"275,452","275,452",PRODUCTION,Event Production,,FIXED,1, - , - , - , - , - , - , - , - , - , - ,0, - , - ,"200,000",0.73
DE,Adidas,Sports Marketing,adi_092025_010,Running FW Community Run,Supernova FW,Running,consideration,9,2025-09-01,2025-09-30,completed,"275,452","275,452",PRODUCTION,Community Activation,,FIXED,1, - , - , - , - , - , - , - , - , - , - ,0, - , - ,"200,000",0.73
DE,Adidas,Sports Marketing,adi_092025_009,Outdoor Autumn Activation,Terrex Trailmaker,Outdoor,consideration,9,2025-09-01,2025-09-30,completed,"275,452","275,452",PRODUCTION,Banners/Assets,,FIXED,1, - , - , - , - , - , - , - , - , - , - ,0, - , - ,"200,000",0.73
DE,Adidas,Brand Offline,adi_102025_005,FW Originals Hero TVC,Samba OG FW,Brand,consideration,10,2025-10-05,2025-10-29,completed,"1,431,675","1,431,675",TVC,RTL,,CPM,15,"95,445,000", - , - , - , - , - , - , - , - ,"19,089,000",650,5, - ,"9,000,000",6.29
DE,Adidas,Brand Offline,adi_102025_005,FW Originals Hero TVC,Samba OG FW,Brand,consideration,10,2025-10-05,2025-10-29,completed,"1,022,625","1,022,625",TVC,ProSieben,,CPM,15,"68,175,000", - , - , - , - , - , - , - , - ,"13,635,000",500,5, - ,"6,500,000",6.36
DE,Adidas,Brand Offline,adi_102025_005,FW Originals Hero TVC,Samba OG FW,Brand,consideration,10,2025-10-05,2025-10-29,completed,"613,575","613,575",TVC,Sat.1,,CPM,14,"43,826,785", - , - , - , - , - , - , - , - ,"8,765,357",300,5, - ,"4,000,000",6.52
DE,Adidas,Brand Offline,adi_102025_005,FW Originals Hero TVC,Samba OG FW,Brand,consideration,10,2025-10-05,2025-10-29,completed,"613,575","613,575",TVC,SPORT1,,CPM,16,"38,348,437", - , - , - , - , - , - , - , - ,"7,669,687",250,5, - ,"4,000,000",6.52
DE,Adidas,Brand Offline,adi_102025_005,FW Originals Hero TVC,Samba OG FW,Brand,consideration,10,2025-10-05,2025-10-29,completed,"409,050","409,050",TVC,RTL2,,CPM,13,"31,465,384", - , - , - , - , - , - , - , - ,"6,293,076",150,5, - ,"2,500,000",6.11
DE,Adidas,CRM,adi_102025_004,CRM October Activation,Multi_Products,Multi_Products,conversion,10,2025-10-01,2025-10-31,completed,"272,700","272,700",EMAIL,Salesforce,Y,CPC,0.23,"11,856,521","1,185,652",10, - , - ,"1,067,086","43,478",4.07,92, - ,0, - , - ,"4,000,000",14.67
DE,Adidas,Digital Brand,adi_102025_003,Basketball Season Social Video,Harden Vol.9,Basketball,awareness,10,2025-10-01,2025-10-31,completed,"57,570","57,570",AUDIO,Spotify,,CPC,0.3,"19,190,000","191,900",1, - , - ,"153,520","1,086",0.71,92, - ,0, - , - ,"100,000",1.74
DE,Adidas,Digital Brand,adi_102025_007,FW Originals Social Video,Samba OG FW,Originals,awareness,10,2025-10-01,2025-10-31,completed,"201,495","201,495",SOCIAL,Instagram,,CPC,0.7,"28,785,000","287,850",1,"14,392,500",50,"230,280","3,804",1.65,92, - ,0, - , - ,"350,000",1.74
DE,Adidas,Digital Brand,adi_102025_010,Outdoor Autumn Social Video,Terrex Trailmaker,Outdoor,awareness,10,2025-10-01,2025-10-31,completed,"201,495","201,495",SOCIAL,Instagram,,CPC,0.72,"27,985,416","279,854",1,"13,992,708",50,"223,883","3,804",1.7,92, - ,0, - , - ,"350,000",1.74
DE,Adidas,Digital Brand,adi_102025_003,Basketball Season Social Video,Harden Vol.9,Basketball,awareness,10,2025-10-01,2025-10-31,completed,"201,495","201,495",SOCIAL,Instagram,,CPC,0.71,"28,379,577","283,795",1,"14,189,788",50,"227,036","3,804",1.68,92, - ,0, - , - ,"350,000",1.74
DE,Adidas,Digital Brand,adi_102025_007,FW Originals Social Video,Samba OG FW,Originals,awareness,10,2025-10-01,2025-10-31,completed,"230,280","230,280",VIDEO,YouTube,,CPC,0.45,"51,173,333","511,733",1,"25,586,666",50,"409,386","4,347",1.06,92, - ,0, - , - ,"400,000",1.74
DE,Adidas,Digital Brand,adi_102025_010,Outdoor Autumn Social Video,Terrex Trailmaker,Outdoor,awareness,10,2025-10-01,2025-10-31,completed,"230,280","230,280",VIDEO,YouTube,,CPC,0.47,"48,995,744","489,957",1,"24,497,872",50,"391,965","4,347",1.11,92, - ,0, - , - ,"400,000",1.74
DE,Adidas,Digital Brand,adi_102025_003,Basketball Season Social Video,Harden Vol.9,Basketball,awareness,10,2025-10-01,2025-10-31,completed,"230,280","230,280",VIDEO,YouTube,,CPC,0.46,"50,060,869","500,608",1,"25,030,434",50,"400,486","4,347",1.09,92, - ,0, - , - ,"400,000",1.74
DE,Adidas,Digital Brand,adi_102025_007,FW Originals Social Video,Samba OG FW,Originals,awareness,10,2025-10-01,2025-10-31,completed,"86,355","86,355",VIDEO,TikTok,,CPC,0.4,"21,588,750","215,887",1,"10,794,375",50,"194,298","1,630",0.84,92, - ,0, - , - ,"150,000",1.74
DE,Adidas,Digital Brand,adi_102025_010,Outdoor Autumn Social Video,Terrex Trailmaker,Outdoor,awareness,10,2025-10-01,2025-10-31,completed,"86,355","86,355",VIDEO,TikTok,,CPC,0.41,"21,062,195","210,621",1,"10,531,097",50,"189,559","1,630",0.86,92, - ,0, - , - ,"150,000",1.74
DE,Adidas,Digital Brand,adi_102025_003,Basketball Season Social Video,Harden Vol.9,Basketball,awareness,10,2025-10-01,2025-10-31,completed,"86,355","86,355",VIDEO,TikTok,,CPC,0.41,"21,062,195","210,621",1,"10,531,097",50,"189,559","1,630",0.86,92, - ,0, - , - ,"150,000",1.74
DE,Adidas,Digital Brand,adi_102025_007,FW Originals Social Video,Samba OG FW,Originals,awareness,10,2025-10-01,2025-10-31,completed,"57,570","57,570",VIDEO,Snapchat,,CPC,0.33,"17,445,454","174,454",1,"8,722,727",50,"139,563","1,086",0.78,92, - ,0, - , - ,"100,000",1.74
DE,Adidas,Digital Brand,adi_102025_010,Outdoor Autumn Social Video,Terrex Trailmaker,Outdoor,awareness,10,2025-10-01,2025-10-31,completed,"57,570","57,570",VIDEO,Pinterest Video,,CPC,0.34,"16,932,352","169,323",1,"8,466,176",50,"135,458","1,086",0.8,92, - ,0, - , - ,"100,000",1.74
DE,Adidas,Digital Performance,adi_102025_008,Originals Retargeting,Samba OG FW,Originals,conversion,10,2025-10-01,2025-10-31,completed,"68,175","68,175",DISPLAY,Programmatic,Y,CPC,0.55,"12,395,454","123,954",1, - , - ,"111,559","3,260",2.92,92, - ,0, - , - ,"300,000",4.4
DE,Adidas,Digital Performance,adi_102025_012,Outdoor/Basketball Retargeting,Terrex Trailmaker,Outdoor,conversion,10,2025-10-01,2025-10-31,completed,"68,175","68,175",DISPLAY,Programmatic,Y,CPC,0.53,"12,863,207","128,632",1, - , - ,"115,768","3,260",2.82,92, - ,0, - , - ,"300,000",4.4
DE,Adidas,Digital Performance,adi_102025_008,Originals Retargeting,Samba OG FW,Originals,conversion,10,2025-10-01,2025-10-31,completed,"40,905","40,905",DISPLAY,Pinterest,Y,CPC,0.6,"6,817,500","68,175",1, - , - ,"61,357","1,956",3.19,92, - ,0, - , - ,"180,000",4.4
DE,Adidas,Digital Performance,adi_102025_012,Outdoor/Basketball Retargeting,Terrex Trailmaker,Outdoor,conversion,10,2025-10-01,2025-10-31,completed,"40,905","40,905",DISPLAY,TikTok,Y,CPC,0.58,"7,052,586","70,525",1, - , - ,"63,473","1,956",3.08,92, - ,0, - , - ,"180,000",4.4
DE,Adidas,Digital Performance,adi_102025_001,Always-On Search,Multi_Products,Multi_Products,conversion,10,2025-10-01,2025-10-31,completed,"1,237,337","1,272,600",SEM,Google,Y,CPC,0.88,"28,922,727","1,446,136",5, - , - ,"1,301,522","173,913",13.36,92, - ,0, - , - ,"16,000,000",12.57
DE,Adidas,Digital Performance,adi_102025_008,Originals Retargeting,Samba OG FW,Originals,conversion,10,2025-10-01,2025-10-31,completed,"95,445","95,445",SOCIAL,Instagram,Y,CPC,0.85,"11,228,823","112,288",1, - , - ,"101,059","4,565",4.52,92, - ,0, - , - ,"420,000",4.4
DE,Adidas,Digital Performance,adi_102025_012,Outdoor/Basketball Retargeting,Terrex Trailmaker,Outdoor,conversion,10,2025-10-01,2025-10-31,completed,"95,445","95,445",SOCIAL,Instagram,Y,CPC,0.86,"11,098,255","110,982",1, - , - ,"99,884","4,565",4.57,92, - ,0, - , - ,"420,000",4.4
DE,Adidas,Digital Performance,adi_102025_008,Originals Retargeting,Samba OG FW,Originals,conversion,10,2025-10-01,2025-10-31,completed,"68,175","68,175",VIDEO,YouTube,Y,CPC,0.75,"9,090,000","90,900",1,"4,545,000",50,"81,810","3,260",3.99,92, - ,0, - , - ,"300,000",4.4
DE,Adidas,Digital Performance,adi_102025_012,Outdoor/Basketball Retargeting,Terrex Trailmaker,Outdoor,conversion,10,2025-10-01,2025-10-31,completed,"68,175","68,175",VIDEO,YouTube,Y,CPC,0.74,"9,212,837","92,128",1,"4,606,418",50,"82,915","3,260",3.93,92, - ,0, - , - ,"300,000",4.4
DE,Adidas,Retail Marketing,adi_102025_006,FW Originals Retail Sale,Multi_Products,Multi_Products,conversion,10,2025-10-01,2025-10-31,completed,"145,440","145,440",EMAIL,Salesforce,Y,CPC,0.25,"58,176,000","581,760",1, - , - ,"523,584","32,608",6.23,92, - ,0, - , - ,"3,000,000",20.63
DE,Adidas,Retail Marketing,adi_102025_011,Outdoor Retail Promo,Terrex Swift,Outdoor,conversion,10,2025-10-01,2025-10-31,completed,"109,080","109,080",EMAIL,Salesforce,Y,CPC,0.24,"45,450,000","454,500",1, - , - ,"409,050","27,173",6.64,92, - ,0, - , - ,"2,500,000",22.92
DE,Adidas,Retail Marketing,adi_102025_011,Outdoor Retail Promo,Terrex Swift,Outdoor,conversion,10,2025-10-01,2025-10-31,completed,"163,620","163,620",PRODUCTION,In-store Materials,,FIXED,1, - , - , - , - , - , - , - , - , - , - ,0, - , - ,"1,500,000",9.17
DE,Adidas,Retail Marketing,adi_102025_006,FW Originals Retail Sale,Multi_Products,Multi_Products,conversion,10,2025-10-01,2025-10-31,completed,"218,160","218,160",TRADE,Offline POP,,FIXED,1, - , - , - , - , - , - , - , - , - , - ,0, - , - ,"1,500,000",6.88
DE,Adidas,Sports Marketing,adi_102025_002,Basketball Season Activation,Harden Vol.9,Basketball,consideration,10,2025-10-01,2025-10-31,completed,"178,678","160,810",PRODUCTION,Event Production,,FIXED,1, - , - , - , - , - , - , - , - , - , - ,0, - , - ,"500,000",2.8
DE,Adidas,Sports Marketing,adi_102025_009,Outdoor Autumn Event Activation,Terrex Trailmaker,Outdoor,consideration,10,2025-10-01,2025-10-31,completed,"178,678","178,678",PRODUCTION,Community Activation,,FIXED,1, - , - , - , - , - , - , - , - , - , - ,0, - , - ,"500,000",2.8
DE,Adidas,Sports Marketing,adi_102025_013,Running Community FW Activation,Supernova FW,Running,consideration,10,2025-10-01,2025-10-31,completed,"178,678","178,678",PRODUCTION,Banners/Assets,,FIXED,1, - , - , - , - , - , - , - , - , - , - ,0, - , - ,"500,000",2.8
DE,Adidas,Brand Offline,adi_112025_004,Black Friday DOOH Burst,Brand_Film_Holiday,Brand,consideration,11,2025-11-08,2025-11-28,completed,"969,496","969,496",DOOH,JCDecaux,,CPM,22,"44,022,090", - , - , - , - , - , - , - , - ,"8,804,418",500,5,"44,022,090","6,000,000",6.19
DE,Adidas,Brand Offline,adi_112025_006,Black Friday OOH Takeover,Brand_Film_Holiday,Brand,consideration,11,2025-11-08,2025-11-28,completed,"969,496","969,496",OOH,Stroeer,,CPM,18,"76,683,333", - , - , - , - , - , - , - , - ,"15,336,666",400,5,"76,683,333","6,500,000",4.71
DE,Adidas,Digital Brand,adi_112025_012,Running New-Year Preheat,Supernova FW,Running,awareness,11,2025-11-01,2025-11-30,completed,"53,250","53,250",AUDIO,Spotify,,CPC,0.29,"18,017,241","52,250",0.29, - , - ,"47,025",188,0.4,"25,000", - ,0, - , - ,"470,000",9
DE,Adidas,Digital Brand,adi_112025_009,Holiday Brand Film,Brand_Film_Holiday,Brand,awareness,11,2025-11-01,2025-11-30,completed,"53,249","53,249",AUDIO,Spotify,,CPC,0.29,"18,016,896","52,249",0.29, - , - ,"47,024",188,0.4,"25,000", - ,0, - , - ,"470,000",9
DE,Adidas,Digital Brand,adi_112025_005,Black Friday Mega Lifestyle Video,Samba OG,Brand,awareness,11,2025-11-08,2025-11-28,completed,"53,249","53,249",AUDIO,Spotify,,CPC,0.29,"18,016,896","52,249",0.29, - , - ,"47,024",188,0.4,"25,000", - ,0, - , - ,"470,000",9
DE,Adidas,Digital Brand,adi_112025_012,Running New-Year Preheat,Supernova FW,Running,awareness,11,2025-11-01,2025-11-30,completed,"319,493","319,493",SOCIAL,Instagram,,CPC,0.72,"44,374,027","319,493",0.72,"22,187,013",50,"287,543","1,150",0.4,"25,000", - ,0, - , - ,"2,875,000",9
DE,Adidas,Digital Brand,adi_112025_009,Holiday Brand Film,Brand_Film_Holiday,Brand,awareness,11,2025-11-01,2025-11-30,completed,"319,492","319,492",SOCIAL,Instagram,,CPC,0.7,"45,641,857","319,493",0.7,"22,820,928",50,"287,543","1,150",0.4,"25,000", - ,0, - , - ,"2,875,000",9
DE,Adidas,Digital Brand,adi_112025_005,Black Friday Mega Lifestyle Video,Samba OG,Brand,awareness,11,2025-11-08,2025-11-28,completed,"319,492","319,492",SOCIAL,Instagram,,CPC,0.72,"44,373,888","319,492",0.72,"22,186,944",50,"287,542","1,150",0.4,"25,000", - ,0, - , - ,"2,875,000",9
DE,Adidas,Digital Brand,adi_112025_012,Running New-Year Preheat,Supernova FW,Running,awareness,11,2025-11-01,2025-11-30,completed,"372,742","372,742",VIDEO,YouTube,,CPC,0.47,"79,306,808","372,742",0.47,"39,653,404",50,"335,467","1,341",0.4,"25,000", - ,0, - , - ,"3,352,500",9
DE,Adidas,Digital Brand,adi_112025_009,Holiday Brand Film,Brand_Film_Holiday,Brand,awareness,11,2025-11-01,2025-11-30,completed,"372,741","372,741",VIDEO,YouTube,,CPC,0.45,"82,831,333","372,741",0.45,"41,415,666",50,"335,466","1,341",0.4,"25,000", - ,0, - , - ,"3,352,500",9
DE,Adidas,Digital Brand,adi_112025_005,Black Friday Mega Lifestyle Video,Samba OG,Brand,awareness,11,2025-11-08,2025-11-28,completed,"372,741","372,741",VIDEO,YouTube,,CPC,0.46,"81,030,652","372,741",0.46,"40,515,326",50,"335,466","1,341",0.4,"25,000", - ,0, - , - ,"3,352,500",9
DE,Adidas,Digital Brand,adi_112025_012,Running New-Year Preheat,Supernova FW,Running,awareness,11,2025-11-01,2025-11-30,completed,"159,744","159,744",VIDEO,TikTok,,CPC,0.41,"39,798,780","159,738",0.41,"19,899,390",50,"143,764",575,0.4,"25,000", - ,0, - , - ,"1,437,500",9
DE,Adidas,Digital Brand,adi_112025_009,Holiday Brand Film,Brand_Film_Holiday,Brand,awareness,11,2025-11-01,2025-11-30,completed,"159,738","159,738",VIDEO,TikTok,,CPC,0.4,"39,934,500","159,738",0.4,"19,967,250",50,"143,764",575,0.4,"25,000", - ,0, - , - ,"1,437,500",9
DE,Adidas,Digital Brand,adi_112025_005,Black Friday Mega Lifestyle Video,Samba OG,Brand,awareness,11,2025-11-08,2025-11-28,completed,"159,738","159,738",VIDEO,TikTok,,CPC,0.41,"39,798,780","159,738",0.41,"19,899,390",50,"143,764",575,0.4,"25,000", - ,0, - , - ,"1,437,500",9
DE,Adidas,Digital Brand,adi_112025_009,Holiday Brand Film,Brand_Film_Holiday,Brand,awareness,11,2025-11-01,2025-11-30,completed,"106,497","106,497",VIDEO,Snapchat,,CPC,0.33,"32,271,818","106,497",0.33,"16,135,909",50,"95,847",383,0.4,"25,000", - ,0, - , - ,"957,500",9
DE,Adidas,Digital Brand,adi_112025_005,Black Friday Mega Lifestyle Video,Samba OG,Brand,awareness,11,2025-11-08,2025-11-28,completed,"106,497","106,497",VIDEO,Snapchat,,CPC,0.33,"32,271,818","106,497",0.33,"16,135,909",50,"95,847",383,0.4,"25,000", - ,0, - , - ,"957,500",9
DE,Adidas,Digital Brand,adi_112025_012,Running New-Year Preheat,Supernova FW,Running,awareness,11,2025-11-01,2025-11-30,completed,"106,497","106,497",VIDEO,Snapchat,,CPC,0.33,"32,271,818","106,497",0.33,"16,135,909",50,"95,847",383,0.4,"25,000", - ,0, - , - ,"957,500",9
DE,Adidas,Digital Brand,adi_112025_009,Holiday Brand Film,Brand_Film_Holiday,Brand,awareness,11,2025-11-01,2025-11-30,completed,"53,249","53,249",VIDEO,Pinterest Video,,CPC,0.34,"15,367,352","52,249",0.34,"7,683,676",50,"47,024",188,0.4,"25,000", - ,0, - , - ,"470,000",9
DE,Adidas,Digital Brand,adi_112025_005,Black Friday Mega Lifestyle Video,Samba OG,Brand,awareness,11,2025-11-08,2025-11-28,completed,"53,249","53,249",VIDEO,Pinterest Video,,CPC,0.34,"15,367,352","52,249",0.34,"7,683,676",50,"47,024",188,0.4,"25,000", - ,0, - , - ,"470,000",9
DE,Adidas,Digital Brand,adi_112025_012,Running New-Year Preheat,Supernova FW,Running,awareness,11,2025-11-01,2025-11-30,completed,"53,249","53,249",VIDEO,Pinterest Video,,CPC,0.34,"15,367,352","52,249",0.34,"7,683,676",50,"47,024",188,0.4,"25,000", - ,0, - , - ,"470,000",9
DE,Adidas,Digital Performance,adi_112025_002,BF Retargeting (Core),Multi_Products,Multi_Products,conversion,11,2025-11-08,2025-11-28,completed,"116,600","116,600",DISPLAY,GDN,Y,CPC,0.52,"22,423,076","224,230",0.98, - , - ,"201,807","4,800",2.38,"25,000", - ,0, - , - ,"12,000,000",102.92
DE,Adidas,Digital Performance,adi_112025_002,BF Retargeting (Core),Multi_Products,Multi_Products,conversion,11,2025-11-08,2025-11-28,completed,"116,600","116,600",DISPLAY,DV360 Programmatic,Y,CPC,0.53,"22,000,000","220,000",0.98, - , - ,"198,000","4,800",2.42,"25,000", - ,0, - , - ,"12,000,000",102.92
DE,Adidas,Digital Performance,adi_112025_002,BF Retargeting (Core),Multi_Products,Multi_Products,conversion,11,2025-11-08,2025-11-28,completed,"77,733","77,733",DISPLAY,Criteo,Y,CPC,0.58,"13,402,241","134,022",1, - , - ,"120,619","3,200",2.65,"25,000", - ,0, - , - ,"8,000,000",102.92
DE,Adidas,Digital Performance,adi_112025_002,BF Retargeting (Core),Multi_Products,Multi_Products,conversion,11,2025-11-08,2025-11-28,completed,"38,866","38,866",DISPLAY,Pinterest,Y,CPC,0.59,"6,587,457","65,874",1, - , - ,"59,286","1,600",2.7,"25,000", - ,0, - , - ,"4,000,000",102.92
DE,Adidas,Digital Performance,adi_112025_001,Always-On Search,Multi_Products,Multi_Products,conversion,11,2025-11-01,2025-11-30,completed,"1,791,221","1,813,772",SEM,Google,Y,CPC,0.88,"42,517,545","2,125,877",5, - , - ,"1,913,289","3,741",0.19,"25,000", - ,0, - , - ,"93,538,500",50
DE,Adidas,Digital Performance,adi_112025_002,BF Retargeting (Core),Multi_Products,Multi_Products,conversion,11,2025-11-08,2025-11-28,completed,"194,333","194,333",SOCIAL,Instagram,Y,CPC,0.65,"29,912,769","299,127",1, - , - ,"269,214","8,000",2.97,"25,000", - ,0, - , - ,"20,000,000",102.86
DE,Adidas,Digital Performance,adi_112025_002,BF Retargeting (Core),Multi_Products,Multi_Products,conversion,11,2025-11-08,2025-11-28,completed,"77,733","77,733",SOCIAL,TikTok,Y,CPC,0.6,"12,955,500","129,555",1, - , - ,"116,599","3,200",2.74,"25,000", - ,0, - , - ,"8,000,000",102.92
DE,Adidas,Digital Performance,adi_112025_002,BF Retargeting (Core),Multi_Products,Multi_Products,conversion,11,2025-11-08,2025-11-28,completed,"155,466","155,466",VIDEO,YouTube,Y,CPC,0.74,"21,008,918","210,089",1,"10,504,459",50,"189,080","6,400",3.38,"25,000", - ,0, - , - ,"16,000,000",102.92
DE,Adidas,Retail Marketing,adi_112025_007,CRM November BF Series,Multi_Products,Multi_Products,conversion,11,2025-11-01,2025-11-30,completed,"600,000","600,000",EMAIL,Salesforce,Y,CPC,0.76,"5,113,947","51,139",1,"2,556,973",50,"46,025","1,600",3.48,"25,000", - ,0, - , - ,"4,000,000",102.92
DE,Adidas,Retail Marketing,adi_112025_003,Black Friday D2C Mega Sale,Multi_Products,Multi_Products,conversion,11,2025-11-08,2025-11-28,completed,"320,000","320,000",EMAIL,Salesforce,Y,CPC,0.23,"26,086,956","2,608,695",10, - , - ,"2,347,826",552,0.02,"25,000", - ,0, - , - ,"13,800,000",23
DE,Adidas,Retail Marketing,adi_112025_010,Holiday Retail Promo,Samba OG,Brand,conversion,11,2025-11-01,2025-11-30,completed,"240,000","240,000",EMAIL,Salesforce,Y,CPC,0.24,"13,333,333","1,333,333",10, - , - ,"1,200,000",480,0.04,"25,000", - ,0, - , - ,"12,000,000",37.5
DE,Adidas,Retail Marketing,adi_112025_010,Holiday Retail Promo,Samba OG,Brand,conversion,11,2025-11-01,2025-11-30,completed,"360,000","360,000",PRODUCTION,In-store Materials,,CPC,0.25,"9,600,000","960,000",10, - , - ,"864,000",384,0.04,"25,000", - ,0, - , - ,"9,600,000",40
DE,Adidas,Retail Marketing,adi_112025_003,Black Friday D2C Mega Sale,Multi_Products,Multi_Products,conversion,11,2025-11-08,2025-11-28,completed,"480,000","480,000",TRADE,Offline POP,,FIXED,1, - , - , - , - , - , - , - , - , - , - ,0, - , - ,"1,500,000",4.17
DE,Adidas,Sports Marketing,adi_112025_013,Winter Running Activation,Supernova FW,Running,consideration,11,2025-11-01,2025-11-30,completed,"99,000","89,100",PRODUCTION,Event Production,,FIXED,1, - , - , - , - , - , - , - , - , - , - ,0, - , - ,"1,500,000",3.12
DE,Adidas,Sports Marketing,adi_112025_008,Football Winter Activation,Predator 2025,Football,consideration,11,2025-11-01,2025-11-30,completed,"99,000","99,000",PRODUCTION,Community Activation,,FIXED,1, - , - , - , - , - , - , - , - , - , - ,0, - , - ,"1,666,666",16.84
DE,Adidas,Sports Marketing,adi_112025_011,Holiday Sports Activation,Multi_Products,Brand,consideration,11,2025-11-01,2025-11-30,completed,"99,000","99,000",PRODUCTION,Banners/Assets,,FIXED,1, - , - , - , - , - , - , - , - , - , - ,0, - , - ,"1,666,667",16.84
DE,Adidas,Brand Offline,adi_122025_008,Holiday Season DOOH,Brand_Film_Holiday,Brand,consideration,12,2025-12-05,2025-12-29,completed,"455,050","455,050",DOOH,JCDecaux,,FIXED,1,"30,336,666", - , - , - , - , - , - , - , - ,"6,067,333",0,5,"30,336,666","4,000,000",8.79
DE,Adidas,Brand Offline,adi_122025_009,Holiday Season OOH,Brand_Film_Holiday,Brand,consideration,12,2025-12-05,2025-12-29,completed,"846,950","846,950",OOH,Stroeer,,CPM,8,"105,868,750", - , - , - , - , - , - , - , - ,"21,173,750",0,5, - ,"6,500,000",7.67
DE,Adidas,Brand Offline,adi_122025_005,Holiday Hero TVC,Brand_Film_Holiday,Brand,consideration,12,2025-12-05,2025-12-29,completed,"1,330,000","1,330,000",TVC,RTL,,CPM,15,"88,666,666", - , - , - , - , - , - , - , - ,"17,733,333",600,5, - ,"35,000,000",26.32
DE,Adidas,Brand Offline,adi_122025_005,Holiday Hero TVC,Brand_Film_Holiday,Brand,consideration,12,2025-12-05,2025-12-29,completed,"950,000","950,000",TVC,ProSieben,,CPM,15,"63,333,333", - , - , - , - , - , - , - , - ,"12,666,666",500,5, - ,"25,000,000",26.32
DE,Adidas,Brand Offline,adi_122025_005,Holiday Hero TVC,Brand_Film_Holiday,Brand,consideration,12,2025-12-05,2025-12-29,completed,"570,000","570,000",TVC,Sat.1,,CPM,14,"40,714,285", - , - , - , - , - , - , - , - ,"8,142,857",300,5, - ,"15,000,000",26.32
DE,Adidas,Brand Offline,adi_122025_005,Holiday Hero TVC,Brand_Film_Holiday,Brand,consideration,12,2025-12-05,2025-12-29,completed,"570,000","570,000",TVC,SPORT1,,CPM,16,"35,625,000", - , - , - , - , - , - , - , - ,"7,125,000",280,5, - ,"15,000,000",26.32
DE,Adidas,Brand Offline,adi_122025_005,Holiday Hero TVC,Brand_Film_Holiday,Brand,consideration,12,2025-12-05,2025-12-29,completed,"380,000","380,000",TVC,RTL2,,CPM,13,"29,230,769", - , - , - , - , - , - , - , - ,"5,846,153",200,5, - ,"10,000,000",26.32
DE,Adidas,CRM,adi_122025_002,CRM December Activation,Multi_Products,Multi_Products,conversion,12,2025-12-01,2025-12-31,completed,"340,200","340,200",EMAIL,Salesforce,Y,CPC,0.23,"14,791,304","1,479,130",10, - , - ,"1,331,217","14,545",1.09,"55,000", - ,0, - , - ,"8,000,000",23.52
DE,Adidas,Digital Brand,adi_122025_003,Gifting Lifestyle Video,Gazelle FW,Brand,awareness,12,2025-12-01,2025-12-31,completed,"71,820","71,820",AUDIO,Spotify,,CPC,0.29,"24,765,517","71,820",0.29, - , - ,"64,638",909,1.41,"55,000", - ,0, - , - ,"500,000",6.96
DE,Adidas,Digital Brand,adi_122025_004,Holiday Brand Film,Brand_Film_Holiday,Brand,awareness,12,2025-12-01,2025-12-31,completed,"251,370","251,370",SOCIAL,Instagram,,CPC,0.7,"35,910,000","251,370",0.7,"17,955,000",50,"226,233","4,545",2.01,"55,000", - ,0, - , - ,"2,500,000",9.95
DE,Adidas,Digital Brand,adi_122025_003,Gifting Lifestyle Video,Gazelle FW,Brand,awareness,12,2025-12-01,2025-12-31,completed,"251,370","251,370",SOCIAL,Instagram,,CPC,0.71,"35,404,225","251,370",0.71,"17,702,112",50,"226,233","4,545",2.01,"55,000", - ,0, - , - ,"2,500,000",9.95
DE,Adidas,Digital Brand,adi_122025_012,Running New-Year Teaser,Supernova FW,Running,awareness,12,2025-12-01,2025-12-31,completed,"251,370","251,370",SOCIAL,Instagram,,CPC,0.72,"34,912,500","251,370",0.72,"17,456,250",50,"226,233","4,545",2.01,"55,000", - ,0, - , - ,"2,500,000",9.95
DE,Adidas,Digital Brand,adi_122025_004,Holiday Brand Film,Brand_Film_Holiday,Brand,awareness,12,2025-12-01,2025-12-31,completed,"287,280","287,280",VIDEO,YouTube,,CPC,0.45,"63,840,000","287,280",0.45,"31,920,000",50,"258,552","5,454",2.11,"55,000", - ,0, - , - ,"3,000,000",10.44
DE,Adidas,Digital Brand,adi_122025_003,Gifting Lifestyle Video,Gazelle FW,Brand,awareness,12,2025-12-01,2025-12-31,completed,"287,280","287,280",VIDEO,YouTube,,CPC,0.46,"62,452,173","287,280",0.46,"31,226,086",50,"258,552","5,454",2.11,"55,000", - ,0, - , - ,"3,000,000",10.44
DE,Adidas,Digital Brand,adi_122025_012,Running New-Year Teaser,Supernova FW,Running,awareness,12,2025-12-01,2025-12-31,completed,"287,280","287,280",VIDEO,YouTube,,CPC,0.47,"61,123,404","287,280",0.47,"30,561,702",50,"258,552","5,454",2.11,"55,000", - ,0, - , - ,"3,000,000",10.44
DE,Adidas,Digital Brand,adi_122025_004,Holiday Brand Film,Brand_Film_Holiday,Brand,awareness,12,2025-12-01,2025-12-31,completed,"107,730","107,730",VIDEO,TikTok,,CPC,0.4,"26,932,500","107,730",0.4,"13,466,250",50,"96,957","1,818",1.88,"55,000", - ,0, - , - ,"1,000,000",9.28
DE,Adidas,Digital Brand,adi_122025_003,Gifting Lifestyle Video,Gazelle FW,Brand,awareness,12,2025-12-01,2025-12-31,completed,"107,730","107,730",VIDEO,TikTok,,CPC,0.41,"26,275,609","107,730",0.41,"13,137,804",50,"96,957","1,818",1.88,"55,000", - ,0, - , - ,"1,000,000",9.28
DE,Adidas,Digital Brand,adi_122025_012,Running New-Year Teaser,Supernova FW,Running,awareness,12,2025-12-01,2025-12-31,completed,"107,730","107,730",VIDEO,TikTok,,CPC,0.41,"26,275,609","107,730",0.41,"13,137,804",50,"96,957","1,818",1.88,"55,000", - ,0, - , - ,"1,000,000",9.28
DE,Adidas,Digital Brand,adi_122025_004,Holiday Brand Film,Brand_Film_Holiday,Brand,awareness,12,2025-12-01,2025-12-31,completed,"71,820","71,820",VIDEO,Snapchat,,CPC,0.33,"21,763,636","71,820",0.33,"10,881,818",50,"64,638",909,1.41,"55,000", - ,0, - , - ,"500,000",6.96
DE,Adidas,Digital Brand,adi_122025_012,Running New-Year Teaser,Supernova FW,Running,awareness,12,2025-12-01,2025-12-31,completed,"71,820","71,820",VIDEO,Pinterest Video,,CPC,0.34,"21,123,529","71,820",0.34,"10,561,764",50,"64,638",909,1.41,"55,000", - ,0, - , - ,"500,000",6.96
DE,Adidas,Digital Performance,adi_122025_007,Holiday Retargeting,Samba OG Gift Pack,Brand,conversion,12,2025-12-01,2025-12-31,completed,"85,050","85,050",DISPLAY,Programmatic,Y,CPC,0.55,"15,463,636","154,636",1, - , - ,"139,172","13,636",9.8,"55,000", - ,0, - , - ,"7,500,000",88.18
DE,Adidas,Digital Performance,adi_122025_014,Year-End Sale Retargeting,Multi_Products,Multi_Products,conversion,12,2025-12-01,2025-12-31,completed,"85,050","85,050",DISPLAY,Programmatic,Y,CPC,0.54,"15,750,000","157,500",1, - , - ,"141,750","13,636",9.62,"55,000", - ,0, - , - ,"7,500,000",88.18
DE,Adidas,Digital Performance,adi_122025_007,Holiday Retargeting,Samba OG Gift Pack,Brand,conversion,12,2025-12-01,2025-12-31,completed,"51,030","51,030",DISPLAY,Pinterest,Y,CPC,0.59,"8,649,152","86,491",1, - , - ,"77,841","9,090",11.68,"55,000", - ,0, - , - ,"5,000,000",97.98
DE,Adidas,Digital Performance,adi_122025_014,Year-End Sale Retargeting,Multi_Products,Multi_Products,conversion,12,2025-12-01,2025-12-31,completed,"51,030","51,030",DISPLAY,TikTok,Y,CPC,0.58,"8,798,275","87,982",1, - , - ,"79,183","9,090",11.48,"55,000", - ,0, - , - ,"5,000,000",97.98
DE,Adidas,Digital Performance,adi_122025_001,Always-On Search,Multi_Products,Multi_Products,conversion,12,2025-12-01,2025-12-31,completed,"1,665,674","1,587,600",SEM,Google,Y,CPC,0.88,"36,081,818","1,804,090",5, - , - ,"1,623,681","272,727",16.8,"55,000", - ,0, - , - ,"150,000,000",94.48
DE,Adidas,Digital Performance,adi_122025_007,Holiday Retargeting,Samba OG Gift Pack,Brand,conversion,12,2025-12-01,2025-12-31,completed,"119,070","119,070",SOCIAL,Instagram,Y,CPC,0.85,"14,008,235","140,082",1, - , - ,"126,073","16,363",12.98,"55,000", - ,0, - , - ,"9,000,000",75.59
DE,Adidas,Digital Performance,adi_122025_014,Year-End Sale Retargeting,Multi_Products,Multi_Products,conversion,12,2025-12-01,2025-12-31,completed,"119,070","119,070",SOCIAL,Instagram,Y,CPC,0.85,"14,008,235","140,082",1, - , - ,"126,073","16,363",12.98,"55,000", - ,0, - , - ,"9,000,000",75.59
DE,Adidas,Digital Performance,adi_122025_007,Holiday Retargeting,Samba OG Gift Pack,Brand,conversion,12,2025-12-01,2025-12-31,completed,"85,050","85,050",VIDEO,YouTube,Y,CPC,0.74,"11,493,243","114,932",1,"5,746,621",50,"103,438","13,636",13.18,"55,000", - ,0, - , - ,"7,500,000",88.18
DE,Adidas,Digital Performance,adi_122025_014,Year-End Sale Retargeting,Multi_Products,Multi_Products,conversion,12,2025-12-01,2025-12-31,completed,"85,050","85,050",VIDEO,YouTube,Y,CPC,0.75,"11,340,000","113,400",1,"5,670,000",50,"102,060","13,636",13.36,"55,000", - ,0, - , - ,"7,500,000",88.18
DE,Adidas,Retail Marketing,adi_122025_013,Year-End Sale,Multi_Products,Multi_Products,conversion,12,2025-12-01,2025-12-31,completed,"181,440","181,440",EMAIL,Salesforce,Y,CPC,0.25,"72,576,000","725,760",1, - , - ,"653,184","36,363",5.57,"55,000", - ,0, - , - ,"20,000,000",110.23
DE,Adidas,Retail Marketing,adi_122025_006,Holiday Retail Promo,Samba OG,Brand,conversion,12,2025-12-01,2025-12-31,completed,"136,080","136,080",EMAIL,Salesforce,Y,CPC,0.24,"56,700,000","567,000",1, - , - ,"510,300","27,272",5.34,"55,000", - ,0, - , - ,"15,000,000",110.23
DE,Adidas,Retail Marketing,adi_122025_006,Holiday Retail Promo,Samba OG,Brand,conversion,12,2025-12-01,2025-12-31,completed,"204,120","183,708",PRODUCTION,In-store Materials,,FIXED,1, - , - , - , - , - , - , - , - , - , - ,0, - , - ,"3,000,000",14.7
DE,Adidas,Retail Marketing,adi_122025_013,Year-End Sale,Multi_Products,Multi_Products,conversion,12,2025-12-01,2025-12-31,completed,"272,160","272,160",TRADE,Offline POP,,FIXED,1, - , - , - , - , - , - , - , - , - , - ,0, - , - ,"5,000,000",18.37
DE,Adidas,Sports Marketing,CMP_122025_015,Winter Running Activation,Supernova FW,Running,consideration,12,2025-12-01,2025-12-31,completed,"191,344","191,344",PRODUCTION,Event Production,,FIXED,1, - , - , - , - , - , - , - , - , - , - ,0, - , - ,"1,953,333",10.21
DE,Adidas,Sports Marketing,adi_122025_010,Holiday Sports Event Activation,Multi_Products,Brand,consideration,12,2025-12-01,2025-12-31,completed,"191,344","191,344",PRODUCTION,Community Activation,,FIXED,1, - , - , - , - , - , - , - , - , - , - ,0, - , - ,"1,953,333",10.21
DE,Adidas,Sports Marketing,adi_122025_011,Outdoor Winter Activation,Terrex Agravic,Outdoor,consideration,12,2025-12-01,2025-12-31,completed,"191,344","191,344",PRODUCTION,Banners/Assets,,FIXED,1, - , - , - , - , - , - , - , - , - , - ,0, - , - ,"1,953,334",10.21
