employee_id,first_name,last_name,email,phone,hire_date,job_title,department,manager_id,salary,location
EMP0001,Joann,Myers,murphyhayley@example.net,+1-987-424-4190x4434,2021-09-08,Marketing Coordinator,Marketing,,57985.91,Tokyo
EMP0002,Mike,Ramos,robinsondebbie@example.net,905-763-1108,2024-12-22,SEO Specialist,Marketing,,67880.33,San Francisco
EMP0003,Mark,Sanford,williamsjeremy@example.com,(906)806-7027x87427,2020-05-20,Brand Manager,Marketing,,136439.81,London
EMP0004,Gina,Gutierrez,patrick80@example.org,+1-347-825-0624,2024-10-13,Digital Marketing Specialist,Marketing,,64441.74,San Francisco
EMP0005,Kimberly,Cain,fmann@example.com,291-569-1900,2022-05-07,Tech Lead,Engineering,,152235.83,Tokyo
EMP0006,James,Robbins,syoung@example.com,650-323-5645x983,2018-02-07,Account Executive,Sales,,98849.12,San Francisco
EMP0007,Melvin,Fitzpatrick,swalker@example.org,885.688.1257,2023-01-30,Sales Engineer,Sales,,115061.21,London
EMP0008,Curtis,Orr,renee95@example.net,(714)432-9156x92329,2023-01-12,Marketing Manager,Marketing,,87461.66,San Francisco
EMP0009,Victoria,Gaines,floresbrenda@example.net,001-731-904-6432,2019-11-11,Sales Development Rep,Sales,,60553.2,London
EMP0010,Brenda,Casey,castilloshawn@example.org,947.240.0453,2021-08-15,Marketing Coordinator,Marketing,,45029.12,London
EMP0011,Antonio,Sullivan,loganterri@example.org,297-984-5230x220,2025-04-20,Marketing Manager,Marketing,,84886.85,London
EMP0012,Kevin,Duncan,heidi51@example.net,001-389-660-4147x81778,2025-10-24,DevOps Engineer,Engineering,EMP0010,89322.33,London
EMP0013,Donald,Mckinney,tfields@example.com,(961)240-2487x665,2020-03-18,VP of Sales,Sales,EMP0011,228493.35,London
EMP0014,Natalie,Jones,thomasbreanna@example.org,472.221.5757x4771,2018-11-09,Content Writer,Marketing,EMP0003,57401.27,San Francisco
EMP0015,John,Hall,arichardson@example.net,908-298-9427,2022-06-22,Brand Manager,Marketing,EMP0013,115764.97,Tokyo
EMP0016,Angela,Sharp,schultzronald@example.com,995-938-4731x1865,2021-05-21,Marketing Manager,Marketing,EMP0008,89940.77,San Francisco
EMP0017,Susan,Brewer,robertjones@example.net,793-677-3023,2019-11-16,Engineering Manager,Engineering,EMP0007,157660.47,San Francisco
EMP0018,Christopher,Copeland,christopher79@example.com,414-353-5328x292,2021-10-09,Senior Engineer,Engineering,EMP0014,106492.55,London
EMP0019,Jesus,Potts,maryholden@example.com,998.483.5257x104,2024-02-17,Senior Engineer,Engineering,EMP0007,112310.84,London
EMP0020,Donna,Garza,millersara@example.com,+1-985-903-7297x0486,2022-11-03,Business Development Manager,Sales,EMP0003,97497.24,Tokyo
EMP0021,Dana,Buck,clarktonya@example.org,349.808.6466x747,2018-08-28,Brand Manager,Marketing,EMP0014,138616.18,San Francisco
EMP0022,Sean,Kirk,randallnguyen@example.org,815.523.9895,2019-03-16,Digital Marketing Specialist,Marketing,EMP0019,88005.35,Tokyo
EMP0023,Mary,Goodman,nguyenmonica@example.net,(489)694-5784,2018-10-03,Sales Manager,Sales,EMP0020,104134.76,Tokyo
EMP0024,Christine,Glenn,jcontreras@example.org,7795925262,2019-02-20,Brand Manager,Marketing,EMP0006,117173.12,San Francisco
EMP0025,Nicole,Jacobson,thorntontamara@example.com,(472)612-9952x93932,2020-09-23,Account Manager,Sales,EMP0001,69266.45,London
EMP0026,Jessica,Ramirez,normaneric@example.org,954-696-9922x23129,2024-07-27,Senior Engineer,Engineering,EMP0009,114319.72,London
EMP0027,Karen,Gomez,dustin65@example.net,880.790.7324x2187,2020-02-06,Marketing Coordinator,Marketing,EMP0004,54838.62,San Francisco
EMP0028,Barbara,Rivers,anthonycurtis@example.com,001-904-785-9433,2023-03-28,DevOps Engineer,Engineering,EMP0019,89139.12,London
EMP0029,Natalie,Perez,qstanton@example.net,(437)453-3695,2018-06-30,Tech Lead,Engineering,EMP0001,157566.79,Tokyo
EMP0030,Jacob,Gregory,courtneyharrington@example.org,441-697-8502x0523,2024-07-20,Staff Engineer,Engineering,EMP0024,146041.49,London
EMP0031,Michelle,Tucker,bensonjohn@example.org,(292)741-0870x8701,2025-11-04,Brand Manager,Marketing,EMP0028,131701.82,London
EMP0032,Denise,Sherman,brandonwebb@example.net,(565)761-3193x94080,2020-12-22,QA Engineer,Engineering,EMP0026,89393.34,London
EMP0033,Alyssa,Nichols,brandoncarter@example.com,+1-987-276-3330,2020-07-28,QA Engineer,Engineering,EMP0013,92199.78,Tokyo
EMP0034,Carolyn,Thomas,qvang@example.com,001-327-885-5032x064,2021-10-07,Senior Engineer,Engineering,EMP0026,131331.35,London
EMP0035,Courtney,Morrison,brent29@example.org,474.353.7682,2019-10-22,Tech Lead,Engineering,EMP0008,144841.3,Tokyo
EMP0036,James,Valenzuela,austinandrea@example.net,381-209-9777x946,2020-10-10,Brand Manager,Marketing,EMP0004,92041.46,Tokyo
EMP0037,Kimberly,Davis,audreywyatt@example.org,+1-537-636-6878x999,2025-09-10,Content Writer,Marketing,EMP0022,74814.01,London
EMP0038,Russell,Soto,gtran@example.org,690.733.4011,2019-08-23,Engineering Manager,Engineering,EMP0015,154753.26,London
EMP0039,Cassie,Mendoza,aguirretroy@example.com,249.345.2252x1349,2022-11-05,Marketing Manager,Marketing,EMP0016,101641.14,Tokyo
EMP0040,Michael,Mcdonald,williamsjason@example.org,676.859.6369x813,2024-09-27,Data Engineer,Engineering,EMP0017,118168.15,San Francisco
EMP0041,John,Mullen,aaron73@example.com,001-763-962-9598x060,2023-12-27,Account Manager,Sales,EMP0028,97297.48,Tokyo
EMP0042,Stephanie,Ortiz,dianawolf@example.net,7067691957,2023-03-17,Software Engineer,Engineering,EMP0007,110880.34,San Francisco
EMP0043,Joe,Mckee,rhonda06@example.org,922-985-9823,2018-10-29,Brand Manager,Marketing,EMP0003,127446.5,San Francisco
EMP0044,Lisa,Wong,zacharyle@example.com,450-516-4268x659,2025-10-28,VP of Sales,Sales,EMP0009,178693.77,Tokyo
EMP0045,Michael,Frey,adam56@example.org,482.761.1749x4017,2020-01-21,Account Executive,Sales,EMP0019,117757.26,San Francisco
EMP0046,Julie,Brown,diane34@example.com,576.866.2931,2022-03-07,Growth Manager,Marketing,EMP0019,120833.44,Tokyo
EMP0047,Walter,Hudson,wattsshawn@example.com,288.430.7453x19617,2023-03-06,Tech Lead,Engineering,EMP0007,149386.8,San Francisco
EMP0048,Roy,Davis,nicolesmith@example.com,+1-448-944-2753x5196,2018-09-29,Sales Engineer,Sales,EMP0017,78126.75,London
EMP0049,Donald,Weaver,peter14@example.com,(646)639-5105x49551,2022-05-09,DevOps Engineer,Engineering,EMP0014,97749.86,San Francisco
EMP0050,Beth,Lee,nalexander@example.net,(544)677-7423x1146,2020-12-29,Content Writer,Marketing,EMP0012,55421.02,San Francisco
EMP0051,Shelly,Ross,swest@example.net,+1-796-899-3274x5905,2023-10-02,Tech Lead,Engineering,EMP0024,152967.35,London
EMP0052,Leslie,Bell,brian30@example.com,662.381.8682x418,2025-01-03,Data Engineer,Engineering,EMP0024,112254.04,London
EMP0053,Tanya,Hunt,jonesjohn@example.com,775.574.2856,2018-03-09,DevOps Engineer,Engineering,EMP0025,98930.08,Tokyo
EMP0054,Tricia,Lee,mccluresherry@example.com,001-528-891-1410,2022-02-15,SEO Specialist,Marketing,EMP0023,73433.29,San Francisco
EMP0055,Alex,Donovan,zaguilar@example.net,704.448.5095x961,2018-11-26,Digital Marketing Specialist,Marketing,EMP0022,73816.56,San Francisco
EMP0056,Daniel,Shea,pennymorrison@example.org,+1-954-380-2805x234,2025-03-03,Account Manager,Sales,EMP0015,102101.18,San Francisco
EMP0057,Gregory,Simpson,patricia49@example.net,+1-700-274-1568,2018-08-20,Account Executive,Sales,EMP0027,103863.24,San Francisco
EMP0058,Daniel,Phillips,derek82@example.org,8352747955,2019-01-05,Account Manager,Sales,EMP0026,64789.71,San Francisco
EMP0059,Judy,Jones,obrennan@example.org,(824)734-3043x7611,2018-02-25,Software Engineer,Engineering,EMP0014,114142.94,London
EMP0060,Caroline,Dodson,rpeterson@example.org,958-547-8398,2023-07-19,Engineering Manager,Engineering,EMP0010,182878.85,Tokyo
EMP0061,Scott,Perez,hparker@example.net,001-789-322-6867x150,2022-08-01,Digital Marketing Specialist,Marketing,EMP0016,75744.39,Tokyo
EMP0062,Meghan,Fields,travisamber@example.org,854.295.1150x13815,2021-04-23,Account Manager,Sales,EMP0014,83138.12,San Francisco
EMP0063,Gerald,Bennett,kristagardner@example.org,001-299-402-0419,2024-12-14,SEO Specialist,Marketing,EMP0021,74792.21,London
EMP0064,Michelle,Dunn,hendrixjaime@example.net,691.327.4071x22489,2019-05-09,Staff Engineer,Engineering,EMP0009,165782.8,Tokyo
EMP0065,Morgan,Moon,richardkennedy@example.com,001-460-791-6691,2024-02-10,QA Engineer,Engineering,EMP0026,109920.32,San Francisco
EMP0066,Diane,Jones,jordan01@example.org,849.420.8421,2019-10-30,Sales Engineer,Sales,EMP0007,89547.53,London
EMP0067,Dennis,King,kimberly04@example.net,2179124320,2025-08-06,DevOps Engineer,Engineering,EMP0016,91618.11,London
EMP0068,Mary,Johnson,ywolfe@example.org,(703)221-1927,2024-10-08,Marketing Coordinator,Marketing,EMP0017,47936.13,San Francisco
EMP0069,Heidi,Rasmussen,jessica02@example.com,502-992-0774x624,2022-10-04,Tech Lead,Engineering,EMP0011,158402.08,London
EMP0070,Wesley,Colon,adrienne96@example.net,(751)453-9742x1997,2025-10-08,Data Engineer,Engineering,EMP0007,134415.06,Tokyo
EMP0071,James,Garrison,jamie40@example.com,001-770-719-4458,2024-05-04,Tech Lead,Engineering,EMP0018,168510.46,London
EMP0072,Richard,Anderson,william43@example.net,+1-201-578-3844x01440,2018-09-15,Tech Lead,Engineering,EMP0012,170789.47,San Francisco
EMP0073,Kara,Myers,garythomas@example.com,747.280.8941x134,2025-02-25,Sales Rep,Sales,EMP0019,69867.22,Tokyo
EMP0074,John,Hale,fcurry@example.net,7694134962,2020-01-21,Data Engineer,Engineering,EMP0013,92129.03,London
EMP0075,Samuel,Smith,michael22@example.com,821.690.6129,2019-05-12,QA Engineer,Engineering,EMP0008,84105.1,San Francisco
EMP0076,Matthew,Velasquez,christopher28@example.org,521-960-5364x548,2022-08-31,Sales Development Rep,Sales,EMP0008,61834.12,Tokyo
EMP0077,Stephen,Baker,michellemoore@example.net,001-575-678-4688x589,2022-04-18,Account Manager,Sales,EMP0024,69274.55,San Francisco
EMP0078,Tyrone,Fleming,robert33@example.net,+1-988-394-2100x317,2023-03-04,Digital Marketing Specialist,Marketing,EMP0007,82032.04,San Francisco
EMP0079,Sarah,Stephenson,leekeith@example.org,674-507-4354x66151,2025-06-29,Brand Manager,Marketing,EMP0003,115024.75,London
EMP0080,Melissa,Martin,brucehudson@example.com,296.372.5563x39686,2019-09-07,Digital Marketing Specialist,Marketing,EMP0001,87398.17,San Francisco
EMP0081,Valerie,Chapman,xanderson@example.org,4117373078,2019-02-01,Digital Marketing Specialist,Marketing,EMP0005,91416.78,Tokyo
EMP0082,Katelyn,Smith,kimberlysherman@example.net,345.867.7097,2021-08-09,Digital Marketing Specialist,Marketing,EMP0029,81174.61,Tokyo
EMP0083,Julian,Wolfe,bleonard@example.org,899.978.1077x17372,2020-06-04,Sales Engineer,Sales,EMP0004,106853.82,San Francisco
EMP0084,Daniel,Blevins,shelly38@example.com,001-568-303-0269x033,2020-11-20,Engineering Manager,Engineering,EMP0024,176487.38,San Francisco
EMP0085,Paul,Miller,saraellis@example.net,4969269170,2020-02-09,QA Engineer,Engineering,EMP0028,71117.07,Tokyo
EMP0086,Christopher,Miller,annalewis@example.org,552-982-6402,2023-02-20,Engineering Manager,Engineering,EMP0013,163588.06,London
EMP0087,James,Wright,johnny42@example.org,502-594-8081x455,2025-03-28,Tech Lead,Engineering,EMP0007,169405.08,London
EMP0088,Jonathan,Austin,jason63@example.net,306-958-7634x604,2021-03-29,Marketing Manager,Marketing,EMP0012,103349.93,London
EMP0089,Jackson,Washington,djackson@example.com,001-566-714-3916x2571,2020-03-23,DevOps Engineer,Engineering,EMP0029,118941.4,Tokyo
EMP0090,David,Martinez,brownpatricia@example.org,672.868.5568,2023-08-16,Marketing Manager,Marketing,EMP0028,90649.64,London
EMP0091,Marie,Miller,qjohnson@example.com,+1-903-710-8729x0552,2019-06-06,Sales Engineer,Sales,EMP0028,97517.24,Tokyo
EMP0092,Anthony,Sellers,cristiansutton@example.org,690-793-5201,2018-02-05,Software Engineer,Engineering,EMP0029,114724.54,Tokyo
EMP0093,David,Hernandez,elizabethgarcia@example.com,291-577-4235x885,2021-07-24,SEO Specialist,Marketing,EMP0025,68170.04,Tokyo
EMP0094,Shawna,Allen,ryanjennings@example.org,254-516-1318x094,2025-08-05,Data Engineer,Engineering,EMP0017,99814.76,San Francisco
EMP0095,Jon,Reynolds,eugene92@example.net,250-834-0197x628,2017-12-28,Marketing Coordinator,Marketing,EMP0007,57565.17,Tokyo
EMP0096,Kathleen,James,christinacooper@example.com,615.755.0112,2024-11-26,Sales Engineer,Sales,EMP0030,70339.6,San Francisco
EMP0097,Katherine,Ward,robertgibbs@example.net,928.488.7011,2019-02-27,Sales Rep,Sales,EMP0025,66992.8,San Francisco
EMP0098,Jeremy,White,annabarnes@example.org,850.782.3541,2019-06-10,Data Engineer,Engineering,EMP0017,108348.1,San Francisco
EMP0099,Jeremy,Joyce,brandy25@example.com,996-870-8441,2019-05-28,Business Development Manager,Sales,EMP0004,76587.87,London
EMP0100,Megan,Marquez,jennifer61@example.org,(470)411-0638x789,2023-08-01,Staff Engineer,Engineering,EMP0006,143296.18,London
EMP0101,James,Olson,codylewis@example.org,442-962-8350x896,2025-02-05,Growth Manager,Marketing,EMP0025,93671.16,San Francisco
EMP0102,Brooke,Brown,stephen78@example.org,871.952.6651,2022-08-17,Sales Development Rep,Sales,EMP0027,48122.17,London
EMP0103,Tanya,Robinson,ericarussell@example.org,(320)945-0221,2020-06-04,Engineering Manager,Engineering,EMP0021,158329.89,London
EMP0104,David,Lopez,comptonsuzanne@example.com,001-546-211-7672,2019-09-22,VP of Sales,Sales,EMP0027,162355.91,San Francisco
EMP0105,Olivia,Ayala,millerchristina@example.net,001-838-528-3592,2025-08-02,Brand Manager,Marketing,EMP0003,94631.79,Tokyo
EMP0106,Christopher,Jarvis,christopherclark@example.org,001-926-345-6031x13975,2018-10-19,QA Engineer,Engineering,EMP0023,65384.7,London
EMP0107,Johnny,Carter,amcneil@example.net,+1-619-605-7109x987,2020-05-17,Sales Engineer,Sales,EMP0024,82747.69,London
EMP0108,Kevin,Hudson,rebekah70@example.net,9237226015,2022-09-11,Software Engineer,Engineering,EMP0020,97031.98,London
EMP0109,Robert,Lopez,jdyer@example.org,+1-494-579-2029x0044,2021-04-22,Senior Engineer,Engineering,EMP0003,129757.66,London
EMP0110,David,Washington,cookbreanna@example.com,+1-906-244-7044x16692,2023-04-24,Business Development Manager,Sales,EMP0030,106832.52,San Francisco
EMP0111,Debra,Lewis,teresa17@example.com,+1-557-434-6479x6382,2020-04-16,SEO Specialist,Marketing,EMP0016,78662.01,Tokyo
EMP0112,John,Love,greenejoseph@example.org,(817)513-3312x83606,2019-04-07,Data Engineer,Engineering,EMP0009,85550.23,Tokyo
EMP0113,Jesse,Jackson,eddiewhitney@example.net,874-792-5449x014,2022-01-02,SEO Specialist,Marketing,EMP0003,84557.51,London
EMP0114,Francisco,Beck,gabrielramirez@example.com,4726713538,2023-10-19,Sales Manager,Sales,EMP0026,142185.05,Tokyo
EMP0115,Jessica,Hayes,jacquelinewatts@example.com,895-846-6860,2025-11-10,Senior Engineer,Engineering,EMP0017,143129.44,London
EMP0116,David,Bryant,sarahshaffer@example.org,567-494-3895,2024-03-19,Sales Rep,Sales,EMP0004,55348.05,London
EMP0117,Tina,Hoffman,aaron47@example.org,832.965.8775x6733,2019-06-02,Brand Manager,Marketing,EMP0012,110060.2,Tokyo
EMP0118,Louis,Stanley,qcox@example.org,402-297-4262,2022-09-16,Brand Manager,Marketing,EMP0015,127805.39,London
EMP0119,Timothy,Smith,johnsonaaron@example.com,373-875-9450,2024-07-03,VP of Sales,Sales,EMP0006,162622.32,San Francisco
EMP0120,Michael,Miller,irogers@example.com,(833)278-3793x65038,2020-08-21,Sales Manager,Sales,EMP0004,108389.81,San Francisco
EMP0121,Susan,Hickman,robertsanchez@example.com,+1-263-980-8383x0326,2018-08-27,Marketing Coordinator,Marketing,EMP0005,63779.57,San Francisco
EMP0122,Angela,Gonzalez,qguerrero@example.net,001-262-217-5507x5914,2022-08-06,Engineering Manager,Engineering,EMP0010,181351.7,London
EMP0123,Antonio,Torres,ltorres@example.net,+1-989-209-3929,2022-10-27,DevOps Engineer,Engineering,EMP0020,105667.04,London
EMP0124,Jamie,Weeks,territrujillo@example.com,(415)449-9263,2019-11-17,Marketing Coordinator,Marketing,EMP0003,60763.01,Tokyo
EMP0125,Harry,Brewer,terricalderon@example.org,+1-627-233-2374x616,2018-08-04,Sales Engineer,Sales,EMP0023,73627.56,London
EMP0126,Adrian,Henry,richardlopez@example.com,7413805985,2019-01-08,Staff Engineer,Engineering,EMP0004,155213.39,San Francisco
EMP0127,Amanda,Day,carterandrew@example.net,+1-283-300-4697x360,2023-10-27,SEO Specialist,Marketing,EMP0002,60519.29,San Francisco
EMP0128,Sherri,Mcdaniel,joyclark@example.net,+1-662-903-5129x204,2020-11-19,DevOps Engineer,Engineering,EMP0006,107442.51,San Francisco
EMP0129,Melissa,Kramer,garygreen@example.org,001-319-324-0160x351,2019-05-07,Content Writer,Marketing,EMP0003,68529.52,London
EMP0130,Joel,Li,david85@example.org,+1-777-290-4940x840,2018-05-09,Growth Manager,Marketing,EMP0029,100636.65,San Francisco
EMP0131,Kevin,White,mitchell71@example.net,(556)761-4134x6965,2022-12-03,Brand Manager,Marketing,EMP0023,121925.2,San Francisco
EMP0132,Morgan,Kelley,qjackson@example.org,239.606.2309x5120,2017-12-12,Sales Rep,Sales,EMP0019,55307.31,San Francisco
EMP0133,Robert,Hunter,baldwindavid@example.com,895.948.0987x10594,2018-09-29,Data Engineer,Engineering,EMP0022,127842.66,Tokyo
EMP0134,Erin,Smith,shepherddonald@example.com,861.593.2609x18573,2021-01-08,Engineering Manager,Engineering,EMP0002,180018.89,London
EMP0135,Robert,Williams,justin90@example.net,(737)372-1440x1206,2018-04-17,VP of Sales,Sales,EMP0003,195216.08,San Francisco
EMP0136,Tara,Williams,taramcbride@example.net,001-596-995-7373x74084,2019-10-07,SEO Specialist,Marketing,EMP0025,65538.86,San Francisco
EMP0137,Heather,Anderson,kathrynmejia@example.com,273.332.7518x7299,2018-07-27,Data Engineer,Engineering,EMP0023,122357.91,San Francisco
EMP0138,Matthew,Fowler,watsonjudith@example.org,807.892.9874,2020-08-07,Account Executive,Sales,EMP0022,115374.19,Tokyo
EMP0139,Kathy,Roberts,obarrera@example.net,611-515-5851x121,2022-08-30,QA Engineer,Engineering,EMP0014,78559.46,San Francisco
EMP0140,Robin,Miller,scott78@example.net,(663)604-0524x7528,2021-04-13,Sales Engineer,Sales,EMP0004,90005.1,Tokyo
EMP0141,Peter,Dillon,fordandrew@example.org,001-395-233-7753x641,2021-08-30,Marketing Coordinator,Marketing,EMP0019,60142.8,London
EMP0142,Kimberly,Skinner,rlowe@example.net,487-436-2933,2019-02-17,Account Manager,Sales,EMP0007,65879.87,San Francisco
EMP0143,Marie,Collins,anne51@example.org,001-323-642-6671x602,2025-01-17,Account Executive,Sales,EMP0016,106471.91,Tokyo
EMP0144,Mary,Williams,karen34@example.org,(694)397-8897x547,2020-06-03,Brand Manager,Marketing,EMP0015,96620.42,San Francisco
EMP0145,Mario,Kim,campbellwendy@example.org,343-735-5287,2019-12-11,Account Manager,Sales,EMP0009,84457.5,San Francisco
EMP0146,Brooke,Hancock,shane12@example.com,516-654-9576,2024-04-15,Tech Lead,Engineering,EMP0023,177819.56,San Francisco
EMP0147,Jeffrey,Johnson,keithmyers@example.com,734-867-1628x01645,2024-01-15,Sales Development Rep,Sales,EMP0008,45563.92,London
EMP0148,Bradley,Wilson,elizabethhall@example.com,711-815-8634x829,2024-06-11,Staff Engineer,Engineering,EMP0010,164089.29,Tokyo
EMP0149,April,Avila,andreakent@example.com,666-239-1795x92201,2019-09-18,Staff Engineer,Engineering,EMP0009,178910.5,Tokyo
EMP0150,Robin,Smith,ralphgraham@example.org,(634)410-6265x01422,2023-07-13,SEO Specialist,Marketing,EMP0027,84951.36,Tokyo
EMP0151,Rebecca,Ortega,matthew36@example.net,001-536-457-7476x1803,2020-07-28,Senior Engineer,Engineering,EMP0006,143598.1,San Francisco
EMP0152,Ryan,Obrien,josebrowning@example.net,710.918.3716x965,2018-02-10,DevOps Engineer,Engineering,EMP0013,100949.68,San Francisco
EMP0153,Carla,Houston,yeseniaelliott@example.net,+1-593-550-6020x377,2022-06-03,Sales Development Rep,Sales,EMP0007,71504.76,Tokyo
EMP0154,Alison,Oconnell,lori93@example.net,001-302-534-6534x6276,2019-12-10,Sales Development Rep,Sales,EMP0011,62294.45,London
EMP0155,Tina,Wolfe,emoore@example.net,(466)847-1574x148,2022-11-23,Sales Manager,Sales,EMP0010,117727.53,Tokyo
EMP0156,Christy,Brown,kevinblackwell@example.net,7254097361,2022-10-24,SEO Specialist,Marketing,EMP0027,73241.18,Tokyo
EMP0157,Melissa,Sullivan,daniellehardin@example.org,266.806.5133x937,2019-12-04,Account Executive,Sales,EMP0012,90961.78,London
EMP0158,Lisa,Ruiz,rothtiffany@example.net,518.928.9839x1406,2023-09-06,Digital Marketing Specialist,Marketing,EMP0003,70813.88,San Francisco
EMP0159,Kimberly,Cuevas,deborahmcdowell@example.org,001-605-669-0978,2018-10-24,DevOps Engineer,Engineering,EMP0019,106125.28,San Francisco
EMP0160,Jennifer,Cooper,gregory50@example.net,326-385-1592,2025-10-28,VP of Sales,Sales,EMP0026,155517.14,San Francisco
EMP0161,Sara,Ruiz,jcline@example.com,001-352-342-4833x8897,2024-12-18,Engineering Manager,Engineering,EMP0009,154589.16,San Francisco
EMP0162,Ann,Williams,jeremywashington@example.org,612.668.0573,2024-09-28,Content Writer,Marketing,EMP0006,62614.5,San Francisco
EMP0163,Roger,Franco,natashareid@example.org,(406)772-4102x9191,2023-10-12,Sales Manager,Sales,EMP0030,136051.95,London
EMP0164,Brenda,Alexander,kayla57@example.com,001-469-515-4460x378,2023-10-01,Sales Manager,Sales,EMP0012,116145.96,Tokyo
EMP0165,Danielle,Mcbride,jbrown@example.org,(928)247-4577x49727,2018-09-27,Sales Engineer,Sales,EMP0017,111273.54,San Francisco
EMP0166,Travis,Juarez,watsonwilliam@example.net,706-474-8289x66671,2021-08-07,Account Manager,Sales,EMP0021,79862.78,Tokyo
EMP0167,Jessica,Mcconnell,hubbardbetty@example.com,2218084310,2018-02-20,QA Engineer,Engineering,EMP0003,102810.56,San Francisco
EMP0168,Angela,West,bellkathleen@example.net,620.545.2856x40493,2021-01-14,QA Engineer,Engineering,EMP0012,102518.35,Tokyo
EMP0169,Kelly,Franklin,stacey29@example.org,001-955-523-8550x204,2025-02-04,Tech Lead,Engineering,EMP0016,167498.88,San Francisco
EMP0170,Kathleen,Tucker,krista33@example.com,+1-473-930-2545,2020-05-28,Software Engineer,Engineering,EMP0024,73238.47,London
EMP0171,Ronald,Villarreal,timothy38@example.org,6597798447,2018-11-04,Senior Engineer,Engineering,EMP0015,142861.65,London
EMP0172,Brian,Johnson,williamnelson@example.com,001-959-452-5969x368,2024-10-30,Software Engineer,Engineering,EMP0030,118233.26,London
EMP0173,Eileen,Edwards,eatonfrank@example.org,488-783-4284,2020-06-17,Growth Manager,Marketing,EMP0002,105685.87,Tokyo
EMP0174,Shelly,Long,christopherphillips@example.com,357.495.2501x040,2025-03-29,Marketing Manager,Marketing,EMP0012,98052.25,San Francisco
EMP0175,Bryan,Porter,kaitlyn52@example.org,4289290333,2019-12-20,SEO Specialist,Marketing,EMP0014,72603.63,San Francisco
EMP0176,Joseph,Cook,steven61@example.com,(874)735-4713,2018-08-04,Account Manager,Sales,EMP0030,89187.63,San Francisco
EMP0177,Priscilla,Miller,osmith@example.net,001-355-584-5850x460,2019-05-11,Sales Manager,Sales,EMP0001,127008.05,San Francisco
EMP0178,Bailey,Martinez,marieyoung@example.com,001-330-895-4280x97507,2021-07-16,Staff Engineer,Engineering,EMP0005,141311.36,London
EMP0179,Emily,Gray,cunninghamvalerie@example.com,(261)667-3781x49653,2021-11-30,Sales Rep,Sales,EMP0019,53674.99,London
EMP0180,James,Gay,rthomas@example.org,(288)627-9960x61674,2018-08-04,Software Engineer,Engineering,EMP0012,89152.56,Tokyo
EMP0181,Johnny,Hubbard,danielpierce@example.net,611.771.8675,2025-08-22,Account Executive,Sales,EMP0029,75840.35,San Francisco
EMP0182,Mary,Herman,banksfelicia@example.net,240.630.6239x3476,2024-10-04,Business Development Manager,Sales,EMP0002,85502.66,Tokyo
EMP0183,John,Smith,julie65@example.com,667-915-8062x85121,2025-03-15,Staff Engineer,Engineering,EMP0020,185786.61,London
EMP0184,Jacob,Chen,lauren05@example.com,001-245-330-3965x5555,2018-04-02,Account Manager,Sales,EMP0010,82833.52,Tokyo
EMP0185,Sharon,Brown,paynechristopher@example.org,001-900-346-7980,2020-12-04,Sales Development Rep,Sales,EMP0030,69278.48,San Francisco
EMP0186,Stacie,Hunt,nburton@example.net,+1-722-578-2871x8004,2019-06-03,Software Engineer,Engineering,EMP0006,95199.42,London
EMP0187,Matthew,Wilcox,jesse42@example.org,+1-875-922-1062x92295,2021-08-18,DevOps Engineer,Engineering,EMP0022,91294.63,Tokyo
EMP0188,Ryan,Everett,heather27@example.net,001-248-333-9614x2768,2020-09-07,Staff Engineer,Engineering,EMP0014,158754.85,Tokyo
EMP0189,Marvin,Williams,ibush@example.com,(285)821-5979x9788,2020-12-16,Engineering Manager,Engineering,EMP0026,198226.7,London
EMP0190,Michael,Shepard,kimberlywest@example.com,621.830.5302x818,2023-06-27,Sales Development Rep,Sales,EMP0012,60527.04,Tokyo
EMP0191,Nicole,Phillips,kkhan@example.org,+1-657-580-1523x82613,2020-04-04,Staff Engineer,Engineering,EMP0024,174113.87,Tokyo
EMP0192,Kenneth,James,hpatton@example.com,8285039462,2024-09-22,Account Manager,Sales,EMP0028,76053.09,London
EMP0193,William,Stevenson,hughesrenee@example.com,891.839.2504x658,2025-04-28,SEO Specialist,Marketing,EMP0005,65930.27,London
EMP0194,Kristopher,Hinton,dylan91@example.net,(516)623-4886x90916,2023-10-31,Sales Development Rep,Sales,EMP0021,59049.81,Tokyo
EMP0195,Taylor,Thomas,vancesteven@example.com,(373)288-5187,2019-12-12,QA Engineer,Engineering,EMP0018,85806.46,Tokyo
EMP0196,Brandy,Davis,farmeramy@example.net,+1-658-599-5626,2019-07-26,Account Executive,Sales,EMP0009,82467.83,Tokyo
EMP0197,Christopher,Neal,lpratt@example.org,001-803-844-3115x43762,2020-06-28,Tech Lead,Engineering,EMP0002,167774.18,Tokyo
EMP0198,Ashley,Vasquez,umercado@example.org,(891)509-3242,2022-03-30,Tech Lead,Engineering,EMP0029,159731.08,Tokyo
EMP0199,Christian,Evans,tcaldwell@example.net,843-524-2374,2018-05-01,Sales Development Rep,Sales,EMP0014,46792.99,Tokyo
EMP0200,Christine,Brown,miguelwilliams@example.org,458-305-9958,2018-04-16,Account Executive,Sales,EMP0003,84181.09,London
